<?xml version="1.0" ?>
<manifest identifier="com.scorm.manifesttemplates.scorm12" version="1"
          xmlns="http://www.imsproject.org/xsd/imscp_rootv1p1p2"
          xmlns:adlcp="http://www.adlnet.org/xsd/adlcp_rootv1p2"
          xmlns:xsi="http://www.w3.org/2001/XMLSchema-instance"
          xsi:schemaLocation="http://www.imsproject.org/xsd/imscp_rootv1p1p2 imscp_rootv1p1p2.xsd
                           http://www.imsglobal.org/xsd/imsmd_rootv1p2p1 imsmd_rootv1p2p1.xsd
                           http://www.adlnet.org/xsd/adlcp_rootv1p2 adlcp_rootv1p2.xsd">
    <metadata>
        <schema>ADL SCORM</schema>
        <schemaversion>1.2</schemaversion>
    </metadata>
    <organizations default="tdv">
        <organization identifier="tdv">
            <title>Kampung Kudei Lama (test)</title>
            <item identifier="i1" identifierref="r1" isvisible="true">
                <title>Kampung Kudei Lama (test)</title>
            </item>
        </organization>
    </organizations>
    <resources>
        <resource identifier="r1" type="webcontent" adlcp:scormtype="sco" href="index.htm">
<file href="media/res_2930AEBB_2659_D2FB_41BE_2979E46E1B6D_0.png"/>
<file href="media/panorama_2D42B638_2639_7585_41B3_47CDEAA386B3_HS_6s1zfzmr_en.png"/>
<file href="media/res_95295535_87F5_1743_41DD_B5F25BA02620_0.png"/>
<file href="script_general.js"/>
<file href="media/panorama_2A927297_263A_B28B_4180_76A0CA7413EA_HS_9dtzchha_en.png"/>
<file href="media/panorama_2BB017EB_2639_B29A_41B6_4B80A01F3A86_HS_k1mj7xsa_en.png"/>
<file href="media/panorama_2AAB357A_2639_5785_41B8_63EDCE1F44FF_hd_t.jpg"/>
<file href="index.htm"/>
<file href="media/panorama_2AAB4B72_2639_B385_41BA_F1FBAD364C11_HS_lnfd0kce_en.png"/>
<file href="media/panorama_2AAB7228_2639_4D85_41B3_AF063FA75A96_hd_t.jpg"/>
<file href="media/res_28227912_31A8_3FBD_419A_25823D505A4C_0.png"/>
<file href="media/panorama_2DF7A023_2639_4D8B_41B0_A8C6FA55E5E5_HS_1ooh2xj0_en.png"/>
<file href="media/album_25F5CD7D_30A8_3667_41A0_1F152F7D778F_0.png"/>
<file href="media/panorama_2BB017EB_2639_B29A_41B6_4B80A01F3A86_hd_t.jpg"/>
<file href="media/audio_36E1066B_264F_B59A_41BF_F5FDB220B546_en.mp3"/>
<file href="media/audio_298B76EA_2679_5285_41A0_BCD2A4745D4A_en.mp3"/>
<file href="media/panorama_2DF7A023_2639_4D8B_41B0_A8C6FA55E5E5_hd_t.jpg"/>
<file href="thumbnail.png"/>
<file href="media/audio_36D5D2CF_2677_529A_41B6_702AB4407F16_en.mp3"/>
<file href="media/panorama_2BB017EB_2639_B29A_41B6_4B80A01F3A86_HS_7yim54cp_en.png"/>
<file href="media/panorama_2DF7A023_2639_4D8B_41B0_A8C6FA55E5E5_HS_57kfpl3o_en.png"/>
<file href="media/panorama_2DF7A023_2639_4D8B_41B0_A8C6FA55E5E5_t.jpg"/>
<file href="media/res_26272956_3179_FFA5_41C4_760F908989FC_0.png"/>
<file href="media/album_25F5CD7D_30A8_3667_41A0_1F152F7D778F_0_t.png"/>
<file href="media/panorama_2D42B638_2639_7585_41B3_47CDEAA386B3_HS_lhtu2m1s_en.png"/>
<file href="media/panorama_2A927297_263A_B28B_4180_76A0CA7413EA_HS_liefywuh_en.png"/>
<file href="media/panorama_2AAB357A_2639_5785_41B8_63EDCE1F44FF_HS_kxotc0g9_en.png"/>
<file href="media/panorama_2AAB7228_2639_4D85_41B3_AF063FA75A96_HS_tfsmygcd_en.png"/>
<file href="media/panorama_2AABE8D4_2639_5E8D_41BB_3995D2848919_t.jpg"/>
<file href="media/panorama_2AAB7228_2639_4D85_41B3_AF063FA75A96_HS_82njtl16_en.png"/>
<file href="locale/en.txt"/>
<file href="media/panorama_2A927297_263A_B28B_4180_76A0CA7413EA_HS_904bfeqa_en.png"/>
<file href="media/panorama_2BB017EB_2639_B29A_41B6_4B80A01F3A86_t.jpg"/>
<file href="media/album_25F5CD7D_30A8_3667_41A0_1F152F7D778F_t.png"/>
<file href="tdvquiz.js"/>
<file href="media/audio_36442F0B_2649_F39B_41B8_B1FA91F5A005_en.mp3"/>
<file href="media/panorama_2AABE8D4_2639_5E8D_41BB_3995D2848919_hd_t.jpg"/>
<file href="media/panorama_2AAB8F4C_2639_B39D_4173_931EEF11AC24_HS_8tkce4a6_en.png"/>
<file href="media/panorama_2A927297_263A_B28B_4180_76A0CA7413EA_t.jpg"/>
<file href="media/panorama_2BB017EB_2639_B29A_41B6_4B80A01F3A86_HS_lgkzw2ke_en.png"/>
<file href="media/panorama_2A927297_263A_B28B_4180_76A0CA7413EA_hd_t.jpg"/>
<file href="media/panorama_2AAB357A_2639_5785_41B8_63EDCE1F44FF_t.jpg"/>
<file href="media/panorama_2AAB4B72_2639_B385_41BA_F1FBAD364C11_t.jpg"/>
<file href="media/panorama_2AAB8F4C_2639_B39D_4173_931EEF11AC24_t.jpg"/>
<file href="media/panorama_2AAB7228_2639_4D85_41B3_AF063FA75A96_HS_glq5jb57_en.png"/>
<file href="media/panorama_2AAB8F4C_2639_B39D_4173_931EEF11AC24_hd_t.jpg"/>
<file href="script.js"/>
<file href="media/panorama_2AAB7228_2639_4D85_41B3_AF063FA75A96_t.jpg"/>
<file href="media/panorama_2AABE8D4_2639_5E8D_41BB_3995D2848919_HS_5p5snzw1_en.png"/>
<file href="media/panorama_2AAB4B72_2639_B385_41BA_F1FBAD364C11_hd_t.jpg"/>
<file href="media/panorama_2D42B638_2639_7585_41B3_47CDEAA386B3_t.jpg"/>
<file href="media/panorama_2AAB357A_2639_5785_41B8_63EDCE1F44FF_HS_zgvb5gpa_en.png"/>
<file href="media/panorama_2D42B638_2639_7585_41B3_47CDEAA386B3_hd_t.jpg"/>
<file href="lib/webxr-input-profiles/generic-button/right.glb"/>
<file href="lib/draco/draco_decoder.wasm"/>
<file href="lib/webxr-input-profiles/meta-quest-touch-plus/left.glb"/>
<file href="lib/webxr-input-profiles/generic-trigger/profile.json"/>
<file href="lib/webxr-input-profiles/generic-hand/left.glb"/>
<file href="lib/cursors/FNE.cur"/>
<file href="lib/webxr-input-profiles/generic-trigger/none.glb"/>
<file href="lib/cursors/SW.cur"/>
<file href="lib/webxr-input-profiles/generic-trigger/left.glb"/>
<file href="lib/cursors/SE.cur"/>
<file href="lib/cursors/FSE.cur"/>
<file href="lib/basis/basis_transcoder.wasm"/>
<file href="lib/cursors/FNW.cur"/>
<file href="lib/webxr-input-profiles/meta-quest-touch-plus/profile.json"/>
<file href="lib/cursors/grab.cur"/>
<file href="lib/webxr-input-profiles/generic-button/none.glb"/>
<file href="lib/draco/draco_wasm_wrapper.js"/>
<file href="lib/cursors/S.cur"/>
<file href="lib/cursors/FE.cur"/>
<file href="lib/webxr-polyfill.js"/>
<file href="lib/webxr-input-profiles/htc-vive-focus-3/right.glb"/>
<file href="lib/cursors/NE.cur"/>
<file href="lib/webxr-input-profiles/generic-button/left.glb"/>
<file href="lib/cursors/FS.cur"/>
<file href="lib/tdvplayer.js"/>
<file href="lib/cursors/NW.cur"/>
<file href="lib/webxr-input-profiles/generic-hand/profile.json"/>
<file href="lib/webxr-input-profiles/meta-quest-touch-plus/right.glb"/>
<file href="lib/webxr-input-profiles/oculus-touch-v3/left.glb"/>
<file href="lib/cursors/FN.cur"/>
<file href="lib/webxr-input-profiles/profilesList.json"/>
<file href="lib/webxr-input-profiles/oculus-touch-v3/profile.json"/>
<file href="lib/webxr-input-profiles/generic-hand/right.glb"/>
<file href="lib/webxr-input-profiles/pico-4/profile.json"/>
<file href="lib/webxr-input-profiles/oculus-touch-v3/right.glb"/>
<file href="lib/draco/draco_decoder.js"/>
<file href="lib/cursors/grabbing.cur"/>
<file href="lib/webxr-input-profiles/generic-trigger/right.glb"/>
<file href="lib/cursors/N.cur"/>
<file href="lib/webxr-input-profiles/htc-vive-focus-3/left.glb"/>
<file href="lib/webxr-input-profiles/htc-vive-focus-3/profile.json"/>
<file href="lib/cursors/FW.cur"/>
<file href="lib/cursors/FSW.cur"/>
<file href="lib/webxr-input-profiles/pico-4/right.glb"/>
<file href="lib/tdvplayer.json"/>
<file href="lib/cursors/E.cur"/>
<file href="lib/webxr-input-profiles/generic-button/profile.json"/>
<file href="lib/WebVRPolyfill.js"/>
<file href="lib/Hls.js"/>
<file href="lib/cursors/W.cur"/>
<file href="lib/basis/basis_transcoder.js"/>
<file href="lib/webxr-input-profiles/pico-4/left.glb"/>
<file href="media/panorama_2BB017EB_2639_B29A_41B6_4B80A01F3A86_0/r/1/0_0.jpg"/>
<file href="media/panorama_2BB017EB_2639_B29A_41B6_4B80A01F3A86_0/r/1/0_1.jpg"/>
<file href="media/panorama_2BB017EB_2639_B29A_41B6_4B80A01F3A86_0/r/1/1_0.jpg"/>
<file href="media/panorama_2BB017EB_2639_B29A_41B6_4B80A01F3A86_0/r/1/1_1.jpg"/>
<file href="media/panorama_2BB017EB_2639_B29A_41B6_4B80A01F3A86_0/l/1/0_0.jpg"/>
<file href="media/panorama_2BB017EB_2639_B29A_41B6_4B80A01F3A86_0/l/1/0_1.jpg"/>
<file href="media/panorama_2BB017EB_2639_B29A_41B6_4B80A01F3A86_0/l/1/1_0.jpg"/>
<file href="media/panorama_2BB017EB_2639_B29A_41B6_4B80A01F3A86_0/l/1/1_1.jpg"/>
<file href="media/panorama_2BB017EB_2639_B29A_41B6_4B80A01F3A86_0/u/1/0_0.jpg"/>
<file href="media/panorama_2BB017EB_2639_B29A_41B6_4B80A01F3A86_0/u/1/0_1.jpg"/>
<file href="media/panorama_2BB017EB_2639_B29A_41B6_4B80A01F3A86_0/u/1/1_0.jpg"/>
<file href="media/panorama_2BB017EB_2639_B29A_41B6_4B80A01F3A86_0/u/1/1_1.jpg"/>
<file href="media/panorama_2BB017EB_2639_B29A_41B6_4B80A01F3A86_0/d/1/0_0.jpg"/>
<file href="media/panorama_2BB017EB_2639_B29A_41B6_4B80A01F3A86_0/d/1/0_1.jpg"/>
<file href="media/panorama_2BB017EB_2639_B29A_41B6_4B80A01F3A86_0/d/1/1_0.jpg"/>
<file href="media/panorama_2BB017EB_2639_B29A_41B6_4B80A01F3A86_0/d/1/1_1.jpg"/>
<file href="media/panorama_2BB017EB_2639_B29A_41B6_4B80A01F3A86_0/f/1/0_0.jpg"/>
<file href="media/panorama_2BB017EB_2639_B29A_41B6_4B80A01F3A86_0/f/1/0_1.jpg"/>
<file href="media/panorama_2BB017EB_2639_B29A_41B6_4B80A01F3A86_0/f/1/1_0.jpg"/>
<file href="media/panorama_2BB017EB_2639_B29A_41B6_4B80A01F3A86_0/f/1/1_1.jpg"/>
<file href="media/panorama_2BB017EB_2639_B29A_41B6_4B80A01F3A86_0/b/1/0_0.jpg"/>
<file href="media/panorama_2BB017EB_2639_B29A_41B6_4B80A01F3A86_0/b/1/0_1.jpg"/>
<file href="media/panorama_2BB017EB_2639_B29A_41B6_4B80A01F3A86_0/b/1/1_0.jpg"/>
<file href="media/panorama_2BB017EB_2639_B29A_41B6_4B80A01F3A86_0/b/1/1_1.jpg"/>
<file href="media/panorama_2AAB4B72_2639_B385_41BA_F1FBAD364C11_0/r/1/0_0.jpg"/>
<file href="media/panorama_2AAB4B72_2639_B385_41BA_F1FBAD364C11_0/r/1/0_1.jpg"/>
<file href="media/panorama_2AAB4B72_2639_B385_41BA_F1FBAD364C11_0/r/1/1_0.jpg"/>
<file href="media/panorama_2AAB4B72_2639_B385_41BA_F1FBAD364C11_0/r/1/1_1.jpg"/>
<file href="media/panorama_2AAB4B72_2639_B385_41BA_F1FBAD364C11_0/l/1/0_0.jpg"/>
<file href="media/panorama_2AAB4B72_2639_B385_41BA_F1FBAD364C11_0/l/1/0_1.jpg"/>
<file href="media/panorama_2AAB4B72_2639_B385_41BA_F1FBAD364C11_0/l/1/1_0.jpg"/>
<file href="media/panorama_2AAB4B72_2639_B385_41BA_F1FBAD364C11_0/l/1/1_1.jpg"/>
<file href="media/panorama_2AAB4B72_2639_B385_41BA_F1FBAD364C11_0/u/1/0_0.jpg"/>
<file href="media/panorama_2AAB4B72_2639_B385_41BA_F1FBAD364C11_0/u/1/0_1.jpg"/>
<file href="media/panorama_2AAB4B72_2639_B385_41BA_F1FBAD364C11_0/u/1/1_0.jpg"/>
<file href="media/panorama_2AAB4B72_2639_B385_41BA_F1FBAD364C11_0/u/1/1_1.jpg"/>
<file href="media/panorama_2AAB4B72_2639_B385_41BA_F1FBAD364C11_0/d/1/0_0.jpg"/>
<file href="media/panorama_2AAB4B72_2639_B385_41BA_F1FBAD364C11_0/d/1/0_1.jpg"/>
<file href="media/panorama_2AAB4B72_2639_B385_41BA_F1FBAD364C11_0/d/1/1_0.jpg"/>
<file href="media/panorama_2AAB4B72_2639_B385_41BA_F1FBAD364C11_0/d/1/1_1.jpg"/>
<file href="media/panorama_2AAB4B72_2639_B385_41BA_F1FBAD364C11_0/f/1/0_0.jpg"/>
<file href="media/panorama_2AAB4B72_2639_B385_41BA_F1FBAD364C11_0/f/1/0_1.jpg"/>
<file href="media/panorama_2AAB4B72_2639_B385_41BA_F1FBAD364C11_0/f/1/1_0.jpg"/>
<file href="media/panorama_2AAB4B72_2639_B385_41BA_F1FBAD364C11_0/f/1/1_1.jpg"/>
<file href="media/panorama_2AAB4B72_2639_B385_41BA_F1FBAD364C11_0/b/1/0_0.jpg"/>
<file href="media/panorama_2AAB4B72_2639_B385_41BA_F1FBAD364C11_0/b/1/0_1.jpg"/>
<file href="media/panorama_2AAB4B72_2639_B385_41BA_F1FBAD364C11_0/b/1/1_0.jpg"/>
<file href="media/panorama_2AAB4B72_2639_B385_41BA_F1FBAD364C11_0/b/1/1_1.jpg"/>
<file href="media/panorama_2BB017EB_2639_B29A_41B6_4B80A01F3A86_0/r/2/0_0.jpg"/>
<file href="media/panorama_2BB017EB_2639_B29A_41B6_4B80A01F3A86_0/l/2/0_0.jpg"/>
<file href="media/panorama_2BB017EB_2639_B29A_41B6_4B80A01F3A86_0/u/2/0_0.jpg"/>
<file href="media/panorama_2BB017EB_2639_B29A_41B6_4B80A01F3A86_0/d/2/0_0.jpg"/>
<file href="media/panorama_2BB017EB_2639_B29A_41B6_4B80A01F3A86_0/f/2/0_0.jpg"/>
<file href="media/panorama_2BB017EB_2639_B29A_41B6_4B80A01F3A86_0/b/2/0_0.jpg"/>
<file href="media/panorama_2A927297_263A_B28B_4180_76A0CA7413EA_0/r/2/0_0.jpg"/>
<file href="media/panorama_2A927297_263A_B28B_4180_76A0CA7413EA_0/l/2/0_0.jpg"/>
<file href="media/panorama_2A927297_263A_B28B_4180_76A0CA7413EA_0/u/2/0_0.jpg"/>
<file href="media/panorama_2A927297_263A_B28B_4180_76A0CA7413EA_0/d/2/0_0.jpg"/>
<file href="media/panorama_2A927297_263A_B28B_4180_76A0CA7413EA_0/f/2/0_0.jpg"/>
<file href="media/panorama_2A927297_263A_B28B_4180_76A0CA7413EA_0/b/2/0_0.jpg"/>
<file href="media/panorama_2DF7A023_2639_4D8B_41B0_A8C6FA55E5E5_0/r/0/0_0.jpg"/>
<file href="media/panorama_2DF7A023_2639_4D8B_41B0_A8C6FA55E5E5_0/r/0/0_1.jpg"/>
<file href="media/panorama_2DF7A023_2639_4D8B_41B0_A8C6FA55E5E5_0/r/0/0_2.jpg"/>
<file href="media/panorama_2DF7A023_2639_4D8B_41B0_A8C6FA55E5E5_0/r/0/1_0.jpg"/>
<file href="media/panorama_2DF7A023_2639_4D8B_41B0_A8C6FA55E5E5_0/r/0/1_1.jpg"/>
<file href="media/panorama_2DF7A023_2639_4D8B_41B0_A8C6FA55E5E5_0/r/0/1_2.jpg"/>
<file href="media/panorama_2DF7A023_2639_4D8B_41B0_A8C6FA55E5E5_0/r/0/2_0.jpg"/>
<file href="media/panorama_2DF7A023_2639_4D8B_41B0_A8C6FA55E5E5_0/r/0/2_1.jpg"/>
<file href="media/panorama_2DF7A023_2639_4D8B_41B0_A8C6FA55E5E5_0/r/0/2_2.jpg"/>
<file href="media/panorama_2DF7A023_2639_4D8B_41B0_A8C6FA55E5E5_0/l/0/0_0.jpg"/>
<file href="media/panorama_2DF7A023_2639_4D8B_41B0_A8C6FA55E5E5_0/l/0/0_1.jpg"/>
<file href="media/panorama_2DF7A023_2639_4D8B_41B0_A8C6FA55E5E5_0/l/0/0_2.jpg"/>
<file href="media/panorama_2DF7A023_2639_4D8B_41B0_A8C6FA55E5E5_0/l/0/1_0.jpg"/>
<file href="media/panorama_2DF7A023_2639_4D8B_41B0_A8C6FA55E5E5_0/l/0/1_1.jpg"/>
<file href="media/panorama_2DF7A023_2639_4D8B_41B0_A8C6FA55E5E5_0/l/0/1_2.jpg"/>
<file href="media/panorama_2DF7A023_2639_4D8B_41B0_A8C6FA55E5E5_0/l/0/2_0.jpg"/>
<file href="media/panorama_2DF7A023_2639_4D8B_41B0_A8C6FA55E5E5_0/l/0/2_1.jpg"/>
<file href="media/panorama_2DF7A023_2639_4D8B_41B0_A8C6FA55E5E5_0/l/0/2_2.jpg"/>
<file href="media/panorama_2DF7A023_2639_4D8B_41B0_A8C6FA55E5E5_0/u/0/0_0.jpg"/>
<file href="media/panorama_2DF7A023_2639_4D8B_41B0_A8C6FA55E5E5_0/u/0/0_1.jpg"/>
<file href="media/panorama_2DF7A023_2639_4D8B_41B0_A8C6FA55E5E5_0/u/0/0_2.jpg"/>
<file href="media/panorama_2DF7A023_2639_4D8B_41B0_A8C6FA55E5E5_0/u/0/1_0.jpg"/>
<file href="media/panorama_2DF7A023_2639_4D8B_41B0_A8C6FA55E5E5_0/u/0/1_1.jpg"/>
<file href="media/panorama_2DF7A023_2639_4D8B_41B0_A8C6FA55E5E5_0/u/0/1_2.jpg"/>
<file href="media/panorama_2DF7A023_2639_4D8B_41B0_A8C6FA55E5E5_0/u/0/2_0.jpg"/>
<file href="media/panorama_2DF7A023_2639_4D8B_41B0_A8C6FA55E5E5_0/u/0/2_1.jpg"/>
<file href="media/panorama_2DF7A023_2639_4D8B_41B0_A8C6FA55E5E5_0/u/0/2_2.jpg"/>
<file href="media/panorama_2DF7A023_2639_4D8B_41B0_A8C6FA55E5E5_0/d/0/0_0.jpg"/>
<file href="media/panorama_2DF7A023_2639_4D8B_41B0_A8C6FA55E5E5_0/d/0/0_1.jpg"/>
<file href="media/panorama_2DF7A023_2639_4D8B_41B0_A8C6FA55E5E5_0/d/0/0_2.jpg"/>
<file href="media/panorama_2DF7A023_2639_4D8B_41B0_A8C6FA55E5E5_0/d/0/1_0.jpg"/>
<file href="media/panorama_2DF7A023_2639_4D8B_41B0_A8C6FA55E5E5_0/d/0/1_1.jpg"/>
<file href="media/panorama_2DF7A023_2639_4D8B_41B0_A8C6FA55E5E5_0/d/0/1_2.jpg"/>
<file href="media/panorama_2DF7A023_2639_4D8B_41B0_A8C6FA55E5E5_0/d/0/2_0.jpg"/>
<file href="media/panorama_2DF7A023_2639_4D8B_41B0_A8C6FA55E5E5_0/d/0/2_1.jpg"/>
<file href="media/panorama_2DF7A023_2639_4D8B_41B0_A8C6FA55E5E5_0/d/0/2_2.jpg"/>
<file href="media/panorama_2DF7A023_2639_4D8B_41B0_A8C6FA55E5E5_0/f/0/0_0.jpg"/>
<file href="media/panorama_2DF7A023_2639_4D8B_41B0_A8C6FA55E5E5_0/f/0/0_1.jpg"/>
<file href="media/panorama_2DF7A023_2639_4D8B_41B0_A8C6FA55E5E5_0/f/0/0_2.jpg"/>
<file href="media/panorama_2DF7A023_2639_4D8B_41B0_A8C6FA55E5E5_0/f/0/1_0.jpg"/>
<file href="media/panorama_2DF7A023_2639_4D8B_41B0_A8C6FA55E5E5_0/f/0/1_1.jpg"/>
<file href="media/panorama_2DF7A023_2639_4D8B_41B0_A8C6FA55E5E5_0/f/0/1_2.jpg"/>
<file href="media/panorama_2DF7A023_2639_4D8B_41B0_A8C6FA55E5E5_0/f/0/2_0.jpg"/>
<file href="media/panorama_2DF7A023_2639_4D8B_41B0_A8C6FA55E5E5_0/f/0/2_1.jpg"/>
<file href="media/panorama_2DF7A023_2639_4D8B_41B0_A8C6FA55E5E5_0/f/0/2_2.jpg"/>
<file href="media/panorama_2DF7A023_2639_4D8B_41B0_A8C6FA55E5E5_0/b/0/0_0.jpg"/>
<file href="media/panorama_2DF7A023_2639_4D8B_41B0_A8C6FA55E5E5_0/b/0/0_1.jpg"/>
<file href="media/panorama_2DF7A023_2639_4D8B_41B0_A8C6FA55E5E5_0/b/0/0_2.jpg"/>
<file href="media/panorama_2DF7A023_2639_4D8B_41B0_A8C6FA55E5E5_0/b/0/1_0.jpg"/>
<file href="media/panorama_2DF7A023_2639_4D8B_41B0_A8C6FA55E5E5_0/b/0/1_1.jpg"/>
<file href="media/panorama_2DF7A023_2639_4D8B_41B0_A8C6FA55E5E5_0/b/0/1_2.jpg"/>
<file href="media/panorama_2DF7A023_2639_4D8B_41B0_A8C6FA55E5E5_0/b/0/2_0.jpg"/>
<file href="media/panorama_2DF7A023_2639_4D8B_41B0_A8C6FA55E5E5_0/b/0/2_1.jpg"/>
<file href="media/panorama_2DF7A023_2639_4D8B_41B0_A8C6FA55E5E5_0/b/0/2_2.jpg"/>
<file href="media/panorama_2AAB357A_2639_5785_41B8_63EDCE1F44FF_0/r/1/0_0.jpg"/>
<file href="media/panorama_2AAB357A_2639_5785_41B8_63EDCE1F44FF_0/r/1/0_1.jpg"/>
<file href="media/panorama_2AAB357A_2639_5785_41B8_63EDCE1F44FF_0/r/1/1_0.jpg"/>
<file href="media/panorama_2AAB357A_2639_5785_41B8_63EDCE1F44FF_0/r/1/1_1.jpg"/>
<file href="media/panorama_2AAB357A_2639_5785_41B8_63EDCE1F44FF_0/l/1/0_0.jpg"/>
<file href="media/panorama_2AAB357A_2639_5785_41B8_63EDCE1F44FF_0/l/1/0_1.jpg"/>
<file href="media/panorama_2AAB357A_2639_5785_41B8_63EDCE1F44FF_0/l/1/1_0.jpg"/>
<file href="media/panorama_2AAB357A_2639_5785_41B8_63EDCE1F44FF_0/l/1/1_1.jpg"/>
<file href="media/panorama_2AAB357A_2639_5785_41B8_63EDCE1F44FF_0/u/1/0_0.jpg"/>
<file href="media/panorama_2AAB357A_2639_5785_41B8_63EDCE1F44FF_0/u/1/0_1.jpg"/>
<file href="media/panorama_2AAB357A_2639_5785_41B8_63EDCE1F44FF_0/u/1/1_0.jpg"/>
<file href="media/panorama_2AAB357A_2639_5785_41B8_63EDCE1F44FF_0/u/1/1_1.jpg"/>
<file href="media/panorama_2AAB357A_2639_5785_41B8_63EDCE1F44FF_0/d/1/0_0.jpg"/>
<file href="media/panorama_2AAB357A_2639_5785_41B8_63EDCE1F44FF_0/d/1/0_1.jpg"/>
<file href="media/panorama_2AAB357A_2639_5785_41B8_63EDCE1F44FF_0/d/1/1_0.jpg"/>
<file href="media/panorama_2AAB357A_2639_5785_41B8_63EDCE1F44FF_0/d/1/1_1.jpg"/>
<file href="media/panorama_2AAB357A_2639_5785_41B8_63EDCE1F44FF_0/f/1/0_0.jpg"/>
<file href="media/panorama_2AAB357A_2639_5785_41B8_63EDCE1F44FF_0/f/1/0_1.jpg"/>
<file href="media/panorama_2AAB357A_2639_5785_41B8_63EDCE1F44FF_0/f/1/1_0.jpg"/>
<file href="media/panorama_2AAB357A_2639_5785_41B8_63EDCE1F44FF_0/f/1/1_1.jpg"/>
<file href="media/panorama_2AAB357A_2639_5785_41B8_63EDCE1F44FF_0/b/1/0_0.jpg"/>
<file href="media/panorama_2AAB357A_2639_5785_41B8_63EDCE1F44FF_0/b/1/0_1.jpg"/>
<file href="media/panorama_2AAB357A_2639_5785_41B8_63EDCE1F44FF_0/b/1/1_0.jpg"/>
<file href="media/panorama_2AAB357A_2639_5785_41B8_63EDCE1F44FF_0/b/1/1_1.jpg"/>
<file href="media/panorama_2DF7A023_2639_4D8B_41B0_A8C6FA55E5E5_0/r/1/0_0.jpg"/>
<file href="media/panorama_2DF7A023_2639_4D8B_41B0_A8C6FA55E5E5_0/r/1/0_1.jpg"/>
<file href="media/panorama_2DF7A023_2639_4D8B_41B0_A8C6FA55E5E5_0/r/1/1_0.jpg"/>
<file href="media/panorama_2DF7A023_2639_4D8B_41B0_A8C6FA55E5E5_0/r/1/1_1.jpg"/>
<file href="media/panorama_2DF7A023_2639_4D8B_41B0_A8C6FA55E5E5_0/l/1/0_0.jpg"/>
<file href="media/panorama_2DF7A023_2639_4D8B_41B0_A8C6FA55E5E5_0/l/1/0_1.jpg"/>
<file href="media/panorama_2DF7A023_2639_4D8B_41B0_A8C6FA55E5E5_0/l/1/1_0.jpg"/>
<file href="media/panorama_2DF7A023_2639_4D8B_41B0_A8C6FA55E5E5_0/l/1/1_1.jpg"/>
<file href="media/panorama_2DF7A023_2639_4D8B_41B0_A8C6FA55E5E5_0/u/1/0_0.jpg"/>
<file href="media/panorama_2DF7A023_2639_4D8B_41B0_A8C6FA55E5E5_0/u/1/0_1.jpg"/>
<file href="media/panorama_2DF7A023_2639_4D8B_41B0_A8C6FA55E5E5_0/u/1/1_0.jpg"/>
<file href="media/panorama_2DF7A023_2639_4D8B_41B0_A8C6FA55E5E5_0/u/1/1_1.jpg"/>
<file href="media/panorama_2DF7A023_2639_4D8B_41B0_A8C6FA55E5E5_0/d/1/0_0.jpg"/>
<file href="media/panorama_2DF7A023_2639_4D8B_41B0_A8C6FA55E5E5_0/d/1/0_1.jpg"/>
<file href="media/panorama_2DF7A023_2639_4D8B_41B0_A8C6FA55E5E5_0/d/1/1_0.jpg"/>
<file href="media/panorama_2DF7A023_2639_4D8B_41B0_A8C6FA55E5E5_0/d/1/1_1.jpg"/>
<file href="media/panorama_2DF7A023_2639_4D8B_41B0_A8C6FA55E5E5_0/f/1/0_0.jpg"/>
<file href="media/panorama_2DF7A023_2639_4D8B_41B0_A8C6FA55E5E5_0/f/1/0_1.jpg"/>
<file href="media/panorama_2DF7A023_2639_4D8B_41B0_A8C6FA55E5E5_0/f/1/1_0.jpg"/>
<file href="media/panorama_2DF7A023_2639_4D8B_41B0_A8C6FA55E5E5_0/f/1/1_1.jpg"/>
<file href="media/panorama_2DF7A023_2639_4D8B_41B0_A8C6FA55E5E5_0/b/1/0_0.jpg"/>
<file href="media/panorama_2DF7A023_2639_4D8B_41B0_A8C6FA55E5E5_0/b/1/0_1.jpg"/>
<file href="media/panorama_2DF7A023_2639_4D8B_41B0_A8C6FA55E5E5_0/b/1/1_0.jpg"/>
<file href="media/panorama_2DF7A023_2639_4D8B_41B0_A8C6FA55E5E5_0/b/1/1_1.jpg"/>
<file href="media/panorama_2AAB7228_2639_4D85_41B3_AF063FA75A96_0/r/2/0_0.jpg"/>
<file href="media/panorama_2AAB7228_2639_4D85_41B3_AF063FA75A96_0/l/2/0_0.jpg"/>
<file href="media/panorama_2AAB7228_2639_4D85_41B3_AF063FA75A96_0/u/2/0_0.jpg"/>
<file href="media/panorama_2AAB7228_2639_4D85_41B3_AF063FA75A96_0/d/2/0_0.jpg"/>
<file href="media/panorama_2AAB7228_2639_4D85_41B3_AF063FA75A96_0/f/2/0_0.jpg"/>
<file href="media/panorama_2AAB7228_2639_4D85_41B3_AF063FA75A96_0/b/2/0_0.jpg"/>
<file href="media/panorama_2AABE8D4_2639_5E8D_41BB_3995D2848919_0/r/1/0_0.jpg"/>
<file href="media/panorama_2AABE8D4_2639_5E8D_41BB_3995D2848919_0/r/1/0_1.jpg"/>
<file href="media/panorama_2AABE8D4_2639_5E8D_41BB_3995D2848919_0/r/1/1_0.jpg"/>
<file href="media/panorama_2AABE8D4_2639_5E8D_41BB_3995D2848919_0/r/1/1_1.jpg"/>
<file href="media/panorama_2AABE8D4_2639_5E8D_41BB_3995D2848919_0/l/1/0_0.jpg"/>
<file href="media/panorama_2AABE8D4_2639_5E8D_41BB_3995D2848919_0/l/1/0_1.jpg"/>
<file href="media/panorama_2AABE8D4_2639_5E8D_41BB_3995D2848919_0/l/1/1_0.jpg"/>
<file href="media/panorama_2AABE8D4_2639_5E8D_41BB_3995D2848919_0/l/1/1_1.jpg"/>
<file href="media/panorama_2AABE8D4_2639_5E8D_41BB_3995D2848919_0/u/1/0_0.jpg"/>
<file href="media/panorama_2AABE8D4_2639_5E8D_41BB_3995D2848919_0/u/1/0_1.jpg"/>
<file href="media/panorama_2AABE8D4_2639_5E8D_41BB_3995D2848919_0/u/1/1_0.jpg"/>
<file href="media/panorama_2AABE8D4_2639_5E8D_41BB_3995D2848919_0/u/1/1_1.jpg"/>
<file href="media/panorama_2AABE8D4_2639_5E8D_41BB_3995D2848919_0/d/1/0_0.jpg"/>
<file href="media/panorama_2AABE8D4_2639_5E8D_41BB_3995D2848919_0/d/1/0_1.jpg"/>
<file href="media/panorama_2AABE8D4_2639_5E8D_41BB_3995D2848919_0/d/1/1_0.jpg"/>
<file href="media/panorama_2AABE8D4_2639_5E8D_41BB_3995D2848919_0/d/1/1_1.jpg"/>
<file href="media/panorama_2AABE8D4_2639_5E8D_41BB_3995D2848919_0/f/1/0_0.jpg"/>
<file href="media/panorama_2AABE8D4_2639_5E8D_41BB_3995D2848919_0/f/1/0_1.jpg"/>
<file href="media/panorama_2AABE8D4_2639_5E8D_41BB_3995D2848919_0/f/1/1_0.jpg"/>
<file href="media/panorama_2AABE8D4_2639_5E8D_41BB_3995D2848919_0/f/1/1_1.jpg"/>
<file href="media/panorama_2AABE8D4_2639_5E8D_41BB_3995D2848919_0/b/1/0_0.jpg"/>
<file href="media/panorama_2AABE8D4_2639_5E8D_41BB_3995D2848919_0/b/1/0_1.jpg"/>
<file href="media/panorama_2AABE8D4_2639_5E8D_41BB_3995D2848919_0/b/1/1_0.jpg"/>
<file href="media/panorama_2AABE8D4_2639_5E8D_41BB_3995D2848919_0/b/1/1_1.jpg"/>
<file href="media/panorama_2AAB7228_2639_4D85_41B3_AF063FA75A96_0/r/0/0_0.jpg"/>
<file href="media/panorama_2AAB7228_2639_4D85_41B3_AF063FA75A96_0/r/0/0_1.jpg"/>
<file href="media/panorama_2AAB7228_2639_4D85_41B3_AF063FA75A96_0/r/0/0_2.jpg"/>
<file href="media/panorama_2AAB7228_2639_4D85_41B3_AF063FA75A96_0/r/0/1_0.jpg"/>
<file href="media/panorama_2AAB7228_2639_4D85_41B3_AF063FA75A96_0/r/0/1_1.jpg"/>
<file href="media/panorama_2AAB7228_2639_4D85_41B3_AF063FA75A96_0/r/0/1_2.jpg"/>
<file href="media/panorama_2AAB7228_2639_4D85_41B3_AF063FA75A96_0/r/0/2_0.jpg"/>
<file href="media/panorama_2AAB7228_2639_4D85_41B3_AF063FA75A96_0/r/0/2_1.jpg"/>
<file href="media/panorama_2AAB7228_2639_4D85_41B3_AF063FA75A96_0/r/0/2_2.jpg"/>
<file href="media/panorama_2AAB7228_2639_4D85_41B3_AF063FA75A96_0/l/0/0_0.jpg"/>
<file href="media/panorama_2AAB7228_2639_4D85_41B3_AF063FA75A96_0/l/0/0_1.jpg"/>
<file href="media/panorama_2AAB7228_2639_4D85_41B3_AF063FA75A96_0/l/0/0_2.jpg"/>
<file href="media/panorama_2AAB7228_2639_4D85_41B3_AF063FA75A96_0/l/0/1_0.jpg"/>
<file href="media/panorama_2AAB7228_2639_4D85_41B3_AF063FA75A96_0/l/0/1_1.jpg"/>
<file href="media/panorama_2AAB7228_2639_4D85_41B3_AF063FA75A96_0/l/0/1_2.jpg"/>
<file href="media/panorama_2AAB7228_2639_4D85_41B3_AF063FA75A96_0/l/0/2_0.jpg"/>
<file href="media/panorama_2AAB7228_2639_4D85_41B3_AF063FA75A96_0/l/0/2_1.jpg"/>
<file href="media/panorama_2AAB7228_2639_4D85_41B3_AF063FA75A96_0/l/0/2_2.jpg"/>
<file href="media/panorama_2AAB7228_2639_4D85_41B3_AF063FA75A96_0/u/0/0_0.jpg"/>
<file href="media/panorama_2AAB7228_2639_4D85_41B3_AF063FA75A96_0/u/0/0_1.jpg"/>
<file href="media/panorama_2AAB7228_2639_4D85_41B3_AF063FA75A96_0/u/0/0_2.jpg"/>
<file href="media/panorama_2AAB7228_2639_4D85_41B3_AF063FA75A96_0/u/0/1_0.jpg"/>
<file href="media/panorama_2AAB7228_2639_4D85_41B3_AF063FA75A96_0/u/0/1_1.jpg"/>
<file href="media/panorama_2AAB7228_2639_4D85_41B3_AF063FA75A96_0/u/0/1_2.jpg"/>
<file href="media/panorama_2AAB7228_2639_4D85_41B3_AF063FA75A96_0/u/0/2_0.jpg"/>
<file href="media/panorama_2AAB7228_2639_4D85_41B3_AF063FA75A96_0/u/0/2_1.jpg"/>
<file href="media/panorama_2AAB7228_2639_4D85_41B3_AF063FA75A96_0/u/0/2_2.jpg"/>
<file href="media/panorama_2AAB7228_2639_4D85_41B3_AF063FA75A96_0/d/0/0_0.jpg"/>
<file href="media/panorama_2AAB7228_2639_4D85_41B3_AF063FA75A96_0/d/0/0_1.jpg"/>
<file href="media/panorama_2AAB7228_2639_4D85_41B3_AF063FA75A96_0/d/0/0_2.jpg"/>
<file href="media/panorama_2AAB7228_2639_4D85_41B3_AF063FA75A96_0/d/0/1_0.jpg"/>
<file href="media/panorama_2AAB7228_2639_4D85_41B3_AF063FA75A96_0/d/0/1_1.jpg"/>
<file href="media/panorama_2AAB7228_2639_4D85_41B3_AF063FA75A96_0/d/0/1_2.jpg"/>
<file href="media/panorama_2AAB7228_2639_4D85_41B3_AF063FA75A96_0/d/0/2_0.jpg"/>
<file href="media/panorama_2AAB7228_2639_4D85_41B3_AF063FA75A96_0/d/0/2_1.jpg"/>
<file href="media/panorama_2AAB7228_2639_4D85_41B3_AF063FA75A96_0/d/0/2_2.jpg"/>
<file href="media/panorama_2AAB7228_2639_4D85_41B3_AF063FA75A96_0/f/0/0_0.jpg"/>
<file href="media/panorama_2AAB7228_2639_4D85_41B3_AF063FA75A96_0/f/0/0_1.jpg"/>
<file href="media/panorama_2AAB7228_2639_4D85_41B3_AF063FA75A96_0/f/0/0_2.jpg"/>
<file href="media/panorama_2AAB7228_2639_4D85_41B3_AF063FA75A96_0/f/0/1_0.jpg"/>
<file href="media/panorama_2AAB7228_2639_4D85_41B3_AF063FA75A96_0/f/0/1_1.jpg"/>
<file href="media/panorama_2AAB7228_2639_4D85_41B3_AF063FA75A96_0/f/0/1_2.jpg"/>
<file href="media/panorama_2AAB7228_2639_4D85_41B3_AF063FA75A96_0/f/0/2_0.jpg"/>
<file href="media/panorama_2AAB7228_2639_4D85_41B3_AF063FA75A96_0/f/0/2_1.jpg"/>
<file href="media/panorama_2AAB7228_2639_4D85_41B3_AF063FA75A96_0/f/0/2_2.jpg"/>
<file href="media/panorama_2AAB7228_2639_4D85_41B3_AF063FA75A96_0/b/0/0_0.jpg"/>
<file href="media/panorama_2AAB7228_2639_4D85_41B3_AF063FA75A96_0/b/0/0_1.jpg"/>
<file href="media/panorama_2AAB7228_2639_4D85_41B3_AF063FA75A96_0/b/0/0_2.jpg"/>
<file href="media/panorama_2AAB7228_2639_4D85_41B3_AF063FA75A96_0/b/0/1_0.jpg"/>
<file href="media/panorama_2AAB7228_2639_4D85_41B3_AF063FA75A96_0/b/0/1_1.jpg"/>
<file href="media/panorama_2AAB7228_2639_4D85_41B3_AF063FA75A96_0/b/0/1_2.jpg"/>
<file href="media/panorama_2AAB7228_2639_4D85_41B3_AF063FA75A96_0/b/0/2_0.jpg"/>
<file href="media/panorama_2AAB7228_2639_4D85_41B3_AF063FA75A96_0/b/0/2_1.jpg"/>
<file href="media/panorama_2AAB7228_2639_4D85_41B3_AF063FA75A96_0/b/0/2_2.jpg"/>
<file href="media/panorama_2AAB8F4C_2639_B39D_4173_931EEF11AC24_0/r/0/0_0.jpg"/>
<file href="media/panorama_2AAB8F4C_2639_B39D_4173_931EEF11AC24_0/r/0/0_1.jpg"/>
<file href="media/panorama_2AAB8F4C_2639_B39D_4173_931EEF11AC24_0/r/0/0_2.jpg"/>
<file href="media/panorama_2AAB8F4C_2639_B39D_4173_931EEF11AC24_0/r/0/1_0.jpg"/>
<file href="media/panorama_2AAB8F4C_2639_B39D_4173_931EEF11AC24_0/r/0/1_1.jpg"/>
<file href="media/panorama_2AAB8F4C_2639_B39D_4173_931EEF11AC24_0/r/0/1_2.jpg"/>
<file href="media/panorama_2AAB8F4C_2639_B39D_4173_931EEF11AC24_0/r/0/2_0.jpg"/>
<file href="media/panorama_2AAB8F4C_2639_B39D_4173_931EEF11AC24_0/r/0/2_1.jpg"/>
<file href="media/panorama_2AAB8F4C_2639_B39D_4173_931EEF11AC24_0/r/0/2_2.jpg"/>
<file href="media/panorama_2AAB8F4C_2639_B39D_4173_931EEF11AC24_0/l/0/0_0.jpg"/>
<file href="media/panorama_2AAB8F4C_2639_B39D_4173_931EEF11AC24_0/l/0/0_1.jpg"/>
<file href="media/panorama_2AAB8F4C_2639_B39D_4173_931EEF11AC24_0/l/0/0_2.jpg"/>
<file href="media/panorama_2AAB8F4C_2639_B39D_4173_931EEF11AC24_0/l/0/1_0.jpg"/>
<file href="media/panorama_2AAB8F4C_2639_B39D_4173_931EEF11AC24_0/l/0/1_1.jpg"/>
<file href="media/panorama_2AAB8F4C_2639_B39D_4173_931EEF11AC24_0/l/0/1_2.jpg"/>
<file href="media/panorama_2AAB8F4C_2639_B39D_4173_931EEF11AC24_0/l/0/2_0.jpg"/>
<file href="media/panorama_2AAB8F4C_2639_B39D_4173_931EEF11AC24_0/l/0/2_1.jpg"/>
<file href="media/panorama_2AAB8F4C_2639_B39D_4173_931EEF11AC24_0/l/0/2_2.jpg"/>
<file href="media/panorama_2AAB8F4C_2639_B39D_4173_931EEF11AC24_0/u/0/0_0.jpg"/>
<file href="media/panorama_2AAB8F4C_2639_B39D_4173_931EEF11AC24_0/u/0/0_1.jpg"/>
<file href="media/panorama_2AAB8F4C_2639_B39D_4173_931EEF11AC24_0/u/0/0_2.jpg"/>
<file href="media/panorama_2AAB8F4C_2639_B39D_4173_931EEF11AC24_0/u/0/1_0.jpg"/>
<file href="media/panorama_2AAB8F4C_2639_B39D_4173_931EEF11AC24_0/u/0/1_1.jpg"/>
<file href="media/panorama_2AAB8F4C_2639_B39D_4173_931EEF11AC24_0/u/0/1_2.jpg"/>
<file href="media/panorama_2AAB8F4C_2639_B39D_4173_931EEF11AC24_0/u/0/2_0.jpg"/>
<file href="media/panorama_2AAB8F4C_2639_B39D_4173_931EEF11AC24_0/u/0/2_1.jpg"/>
<file href="media/panorama_2AAB8F4C_2639_B39D_4173_931EEF11AC24_0/u/0/2_2.jpg"/>
<file href="media/panorama_2AAB8F4C_2639_B39D_4173_931EEF11AC24_0/d/0/0_0.jpg"/>
<file href="media/panorama_2AAB8F4C_2639_B39D_4173_931EEF11AC24_0/d/0/0_1.jpg"/>
<file href="media/panorama_2AAB8F4C_2639_B39D_4173_931EEF11AC24_0/d/0/0_2.jpg"/>
<file href="media/panorama_2AAB8F4C_2639_B39D_4173_931EEF11AC24_0/d/0/1_0.jpg"/>
<file href="media/panorama_2AAB8F4C_2639_B39D_4173_931EEF11AC24_0/d/0/1_1.jpg"/>
<file href="media/panorama_2AAB8F4C_2639_B39D_4173_931EEF11AC24_0/d/0/1_2.jpg"/>
<file href="media/panorama_2AAB8F4C_2639_B39D_4173_931EEF11AC24_0/d/0/2_0.jpg"/>
<file href="media/panorama_2AAB8F4C_2639_B39D_4173_931EEF11AC24_0/d/0/2_1.jpg"/>
<file href="media/panorama_2AAB8F4C_2639_B39D_4173_931EEF11AC24_0/d/0/2_2.jpg"/>
<file href="media/panorama_2AAB8F4C_2639_B39D_4173_931EEF11AC24_0/f/0/0_0.jpg"/>
<file href="media/panorama_2AAB8F4C_2639_B39D_4173_931EEF11AC24_0/f/0/0_1.jpg"/>
<file href="media/panorama_2AAB8F4C_2639_B39D_4173_931EEF11AC24_0/f/0/0_2.jpg"/>
<file href="media/panorama_2AAB8F4C_2639_B39D_4173_931EEF11AC24_0/f/0/1_0.jpg"/>
<file href="media/panorama_2AAB8F4C_2639_B39D_4173_931EEF11AC24_0/f/0/1_1.jpg"/>
<file href="media/panorama_2AAB8F4C_2639_B39D_4173_931EEF11AC24_0/f/0/1_2.jpg"/>
<file href="media/panorama_2AAB8F4C_2639_B39D_4173_931EEF11AC24_0/f/0/2_0.jpg"/>
<file href="media/panorama_2AAB8F4C_2639_B39D_4173_931EEF11AC24_0/f/0/2_1.jpg"/>
<file href="media/panorama_2AAB8F4C_2639_B39D_4173_931EEF11AC24_0/f/0/2_2.jpg"/>
<file href="media/panorama_2AAB8F4C_2639_B39D_4173_931EEF11AC24_0/b/0/0_0.jpg"/>
<file href="media/panorama_2AAB8F4C_2639_B39D_4173_931EEF11AC24_0/b/0/0_1.jpg"/>
<file href="media/panorama_2AAB8F4C_2639_B39D_4173_931EEF11AC24_0/b/0/0_2.jpg"/>
<file href="media/panorama_2AAB8F4C_2639_B39D_4173_931EEF11AC24_0/b/0/1_0.jpg"/>
<file href="media/panorama_2AAB8F4C_2639_B39D_4173_931EEF11AC24_0/b/0/1_1.jpg"/>
<file href="media/panorama_2AAB8F4C_2639_B39D_4173_931EEF11AC24_0/b/0/1_2.jpg"/>
<file href="media/panorama_2AAB8F4C_2639_B39D_4173_931EEF11AC24_0/b/0/2_0.jpg"/>
<file href="media/panorama_2AAB8F4C_2639_B39D_4173_931EEF11AC24_0/b/0/2_1.jpg"/>
<file href="media/panorama_2AAB8F4C_2639_B39D_4173_931EEF11AC24_0/b/0/2_2.jpg"/>
<file href="media/panorama_2AAB357A_2639_5785_41B8_63EDCE1F44FF_0/r/0/0_0.jpg"/>
<file href="media/panorama_2AAB357A_2639_5785_41B8_63EDCE1F44FF_0/r/0/0_1.jpg"/>
<file href="media/panorama_2AAB357A_2639_5785_41B8_63EDCE1F44FF_0/r/0/0_2.jpg"/>
<file href="media/panorama_2AAB357A_2639_5785_41B8_63EDCE1F44FF_0/r/0/1_0.jpg"/>
<file href="media/panorama_2AAB357A_2639_5785_41B8_63EDCE1F44FF_0/r/0/1_1.jpg"/>
<file href="media/panorama_2AAB357A_2639_5785_41B8_63EDCE1F44FF_0/r/0/1_2.jpg"/>
<file href="media/panorama_2AAB357A_2639_5785_41B8_63EDCE1F44FF_0/r/0/2_0.jpg"/>
<file href="media/panorama_2AAB357A_2639_5785_41B8_63EDCE1F44FF_0/r/0/2_1.jpg"/>
<file href="media/panorama_2AAB357A_2639_5785_41B8_63EDCE1F44FF_0/r/0/2_2.jpg"/>
<file href="media/panorama_2AAB357A_2639_5785_41B8_63EDCE1F44FF_0/l/0/0_0.jpg"/>
<file href="media/panorama_2AAB357A_2639_5785_41B8_63EDCE1F44FF_0/l/0/0_1.jpg"/>
<file href="media/panorama_2AAB357A_2639_5785_41B8_63EDCE1F44FF_0/l/0/0_2.jpg"/>
<file href="media/panorama_2AAB357A_2639_5785_41B8_63EDCE1F44FF_0/l/0/1_0.jpg"/>
<file href="media/panorama_2AAB357A_2639_5785_41B8_63EDCE1F44FF_0/l/0/1_1.jpg"/>
<file href="media/panorama_2AAB357A_2639_5785_41B8_63EDCE1F44FF_0/l/0/1_2.jpg"/>
<file href="media/panorama_2AAB357A_2639_5785_41B8_63EDCE1F44FF_0/l/0/2_0.jpg"/>
<file href="media/panorama_2AAB357A_2639_5785_41B8_63EDCE1F44FF_0/l/0/2_1.jpg"/>
<file href="media/panorama_2AAB357A_2639_5785_41B8_63EDCE1F44FF_0/l/0/2_2.jpg"/>
<file href="media/panorama_2AAB357A_2639_5785_41B8_63EDCE1F44FF_0/u/0/0_0.jpg"/>
<file href="media/panorama_2AAB357A_2639_5785_41B8_63EDCE1F44FF_0/u/0/0_1.jpg"/>
<file href="media/panorama_2AAB357A_2639_5785_41B8_63EDCE1F44FF_0/u/0/0_2.jpg"/>
<file href="media/panorama_2AAB357A_2639_5785_41B8_63EDCE1F44FF_0/u/0/1_0.jpg"/>
<file href="media/panorama_2AAB357A_2639_5785_41B8_63EDCE1F44FF_0/u/0/1_1.jpg"/>
<file href="media/panorama_2AAB357A_2639_5785_41B8_63EDCE1F44FF_0/u/0/1_2.jpg"/>
<file href="media/panorama_2AAB357A_2639_5785_41B8_63EDCE1F44FF_0/u/0/2_0.jpg"/>
<file href="media/panorama_2AAB357A_2639_5785_41B8_63EDCE1F44FF_0/u/0/2_1.jpg"/>
<file href="media/panorama_2AAB357A_2639_5785_41B8_63EDCE1F44FF_0/u/0/2_2.jpg"/>
<file href="media/panorama_2AAB357A_2639_5785_41B8_63EDCE1F44FF_0/d/0/0_0.jpg"/>
<file href="media/panorama_2AAB357A_2639_5785_41B8_63EDCE1F44FF_0/d/0/0_1.jpg"/>
<file href="media/panorama_2AAB357A_2639_5785_41B8_63EDCE1F44FF_0/d/0/0_2.jpg"/>
<file href="media/panorama_2AAB357A_2639_5785_41B8_63EDCE1F44FF_0/d/0/1_0.jpg"/>
<file href="media/panorama_2AAB357A_2639_5785_41B8_63EDCE1F44FF_0/d/0/1_1.jpg"/>
<file href="media/panorama_2AAB357A_2639_5785_41B8_63EDCE1F44FF_0/d/0/1_2.jpg"/>
<file href="media/panorama_2AAB357A_2639_5785_41B8_63EDCE1F44FF_0/d/0/2_0.jpg"/>
<file href="media/panorama_2AAB357A_2639_5785_41B8_63EDCE1F44FF_0/d/0/2_1.jpg"/>
<file href="media/panorama_2AAB357A_2639_5785_41B8_63EDCE1F44FF_0/d/0/2_2.jpg"/>
<file href="media/panorama_2AAB357A_2639_5785_41B8_63EDCE1F44FF_0/f/0/0_0.jpg"/>
<file href="media/panorama_2AAB357A_2639_5785_41B8_63EDCE1F44FF_0/f/0/0_1.jpg"/>
<file href="media/panorama_2AAB357A_2639_5785_41B8_63EDCE1F44FF_0/f/0/0_2.jpg"/>
<file href="media/panorama_2AAB357A_2639_5785_41B8_63EDCE1F44FF_0/f/0/1_0.jpg"/>
<file href="media/panorama_2AAB357A_2639_5785_41B8_63EDCE1F44FF_0/f/0/1_1.jpg"/>
<file href="media/panorama_2AAB357A_2639_5785_41B8_63EDCE1F44FF_0/f/0/1_2.jpg"/>
<file href="media/panorama_2AAB357A_2639_5785_41B8_63EDCE1F44FF_0/f/0/2_0.jpg"/>
<file href="media/panorama_2AAB357A_2639_5785_41B8_63EDCE1F44FF_0/f/0/2_1.jpg"/>
<file href="media/panorama_2AAB357A_2639_5785_41B8_63EDCE1F44FF_0/f/0/2_2.jpg"/>
<file href="media/panorama_2AAB357A_2639_5785_41B8_63EDCE1F44FF_0/b/0/0_0.jpg"/>
<file href="media/panorama_2AAB357A_2639_5785_41B8_63EDCE1F44FF_0/b/0/0_1.jpg"/>
<file href="media/panorama_2AAB357A_2639_5785_41B8_63EDCE1F44FF_0/b/0/0_2.jpg"/>
<file href="media/panorama_2AAB357A_2639_5785_41B8_63EDCE1F44FF_0/b/0/1_0.jpg"/>
<file href="media/panorama_2AAB357A_2639_5785_41B8_63EDCE1F44FF_0/b/0/1_1.jpg"/>
<file href="media/panorama_2AAB357A_2639_5785_41B8_63EDCE1F44FF_0/b/0/1_2.jpg"/>
<file href="media/panorama_2AAB357A_2639_5785_41B8_63EDCE1F44FF_0/b/0/2_0.jpg"/>
<file href="media/panorama_2AAB357A_2639_5785_41B8_63EDCE1F44FF_0/b/0/2_1.jpg"/>
<file href="media/panorama_2AAB357A_2639_5785_41B8_63EDCE1F44FF_0/b/0/2_2.jpg"/>
<file href="media/panorama_2AAB4B72_2639_B385_41BA_F1FBAD364C11_0/r/2/0_0.jpg"/>
<file href="media/panorama_2AAB4B72_2639_B385_41BA_F1FBAD364C11_0/l/2/0_0.jpg"/>
<file href="media/panorama_2AAB4B72_2639_B385_41BA_F1FBAD364C11_0/u/2/0_0.jpg"/>
<file href="media/panorama_2AAB4B72_2639_B385_41BA_F1FBAD364C11_0/d/2/0_0.jpg"/>
<file href="media/panorama_2AAB4B72_2639_B385_41BA_F1FBAD364C11_0/f/2/0_0.jpg"/>
<file href="media/panorama_2AAB4B72_2639_B385_41BA_F1FBAD364C11_0/b/2/0_0.jpg"/>
<file href="media/panorama_2AAB357A_2639_5785_41B8_63EDCE1F44FF_0/r/2/0_0.jpg"/>
<file href="media/panorama_2AAB357A_2639_5785_41B8_63EDCE1F44FF_0/l/2/0_0.jpg"/>
<file href="media/panorama_2AAB357A_2639_5785_41B8_63EDCE1F44FF_0/u/2/0_0.jpg"/>
<file href="media/panorama_2AAB357A_2639_5785_41B8_63EDCE1F44FF_0/d/2/0_0.jpg"/>
<file href="media/panorama_2AAB357A_2639_5785_41B8_63EDCE1F44FF_0/f/2/0_0.jpg"/>
<file href="media/panorama_2AAB357A_2639_5785_41B8_63EDCE1F44FF_0/b/2/0_0.jpg"/>
<file href="media/panorama_2AAB8F4C_2639_B39D_4173_931EEF11AC24_0/r/1/0_0.jpg"/>
<file href="media/panorama_2AAB8F4C_2639_B39D_4173_931EEF11AC24_0/r/1/0_1.jpg"/>
<file href="media/panorama_2AAB8F4C_2639_B39D_4173_931EEF11AC24_0/r/1/1_0.jpg"/>
<file href="media/panorama_2AAB8F4C_2639_B39D_4173_931EEF11AC24_0/r/1/1_1.jpg"/>
<file href="media/panorama_2AAB8F4C_2639_B39D_4173_931EEF11AC24_0/l/1/0_0.jpg"/>
<file href="media/panorama_2AAB8F4C_2639_B39D_4173_931EEF11AC24_0/l/1/0_1.jpg"/>
<file href="media/panorama_2AAB8F4C_2639_B39D_4173_931EEF11AC24_0/l/1/1_0.jpg"/>
<file href="media/panorama_2AAB8F4C_2639_B39D_4173_931EEF11AC24_0/l/1/1_1.jpg"/>
<file href="media/panorama_2AAB8F4C_2639_B39D_4173_931EEF11AC24_0/u/1/0_0.jpg"/>
<file href="media/panorama_2AAB8F4C_2639_B39D_4173_931EEF11AC24_0/u/1/0_1.jpg"/>
<file href="media/panorama_2AAB8F4C_2639_B39D_4173_931EEF11AC24_0/u/1/1_0.jpg"/>
<file href="media/panorama_2AAB8F4C_2639_B39D_4173_931EEF11AC24_0/u/1/1_1.jpg"/>
<file href="media/panorama_2AAB8F4C_2639_B39D_4173_931EEF11AC24_0/d/1/0_0.jpg"/>
<file href="media/panorama_2AAB8F4C_2639_B39D_4173_931EEF11AC24_0/d/1/0_1.jpg"/>
<file href="media/panorama_2AAB8F4C_2639_B39D_4173_931EEF11AC24_0/d/1/1_0.jpg"/>
<file href="media/panorama_2AAB8F4C_2639_B39D_4173_931EEF11AC24_0/d/1/1_1.jpg"/>
<file href="media/panorama_2AAB8F4C_2639_B39D_4173_931EEF11AC24_0/f/1/0_0.jpg"/>
<file href="media/panorama_2AAB8F4C_2639_B39D_4173_931EEF11AC24_0/f/1/0_1.jpg"/>
<file href="media/panorama_2AAB8F4C_2639_B39D_4173_931EEF11AC24_0/f/1/1_0.jpg"/>
<file href="media/panorama_2AAB8F4C_2639_B39D_4173_931EEF11AC24_0/f/1/1_1.jpg"/>
<file href="media/panorama_2AAB8F4C_2639_B39D_4173_931EEF11AC24_0/b/1/0_0.jpg"/>
<file href="media/panorama_2AAB8F4C_2639_B39D_4173_931EEF11AC24_0/b/1/0_1.jpg"/>
<file href="media/panorama_2AAB8F4C_2639_B39D_4173_931EEF11AC24_0/b/1/1_0.jpg"/>
<file href="media/panorama_2AAB8F4C_2639_B39D_4173_931EEF11AC24_0/b/1/1_1.jpg"/>
<file href="media/panorama_2BB017EB_2639_B29A_41B6_4B80A01F3A86_0/r/0/0_0.jpg"/>
<file href="media/panorama_2BB017EB_2639_B29A_41B6_4B80A01F3A86_0/r/0/0_1.jpg"/>
<file href="media/panorama_2BB017EB_2639_B29A_41B6_4B80A01F3A86_0/r/0/0_2.jpg"/>
<file href="media/panorama_2BB017EB_2639_B29A_41B6_4B80A01F3A86_0/r/0/1_0.jpg"/>
<file href="media/panorama_2BB017EB_2639_B29A_41B6_4B80A01F3A86_0/r/0/1_1.jpg"/>
<file href="media/panorama_2BB017EB_2639_B29A_41B6_4B80A01F3A86_0/r/0/1_2.jpg"/>
<file href="media/panorama_2BB017EB_2639_B29A_41B6_4B80A01F3A86_0/r/0/2_0.jpg"/>
<file href="media/panorama_2BB017EB_2639_B29A_41B6_4B80A01F3A86_0/r/0/2_1.jpg"/>
<file href="media/panorama_2BB017EB_2639_B29A_41B6_4B80A01F3A86_0/r/0/2_2.jpg"/>
<file href="media/panorama_2BB017EB_2639_B29A_41B6_4B80A01F3A86_0/l/0/0_0.jpg"/>
<file href="media/panorama_2BB017EB_2639_B29A_41B6_4B80A01F3A86_0/l/0/0_1.jpg"/>
<file href="media/panorama_2BB017EB_2639_B29A_41B6_4B80A01F3A86_0/l/0/0_2.jpg"/>
<file href="media/panorama_2BB017EB_2639_B29A_41B6_4B80A01F3A86_0/l/0/1_0.jpg"/>
<file href="media/panorama_2BB017EB_2639_B29A_41B6_4B80A01F3A86_0/l/0/1_1.jpg"/>
<file href="media/panorama_2BB017EB_2639_B29A_41B6_4B80A01F3A86_0/l/0/1_2.jpg"/>
<file href="media/panorama_2BB017EB_2639_B29A_41B6_4B80A01F3A86_0/l/0/2_0.jpg"/>
<file href="media/panorama_2BB017EB_2639_B29A_41B6_4B80A01F3A86_0/l/0/2_1.jpg"/>
<file href="media/panorama_2BB017EB_2639_B29A_41B6_4B80A01F3A86_0/l/0/2_2.jpg"/>
<file href="media/panorama_2BB017EB_2639_B29A_41B6_4B80A01F3A86_0/u/0/0_0.jpg"/>
<file href="media/panorama_2BB017EB_2639_B29A_41B6_4B80A01F3A86_0/u/0/0_1.jpg"/>
<file href="media/panorama_2BB017EB_2639_B29A_41B6_4B80A01F3A86_0/u/0/0_2.jpg"/>
<file href="media/panorama_2BB017EB_2639_B29A_41B6_4B80A01F3A86_0/u/0/1_0.jpg"/>
<file href="media/panorama_2BB017EB_2639_B29A_41B6_4B80A01F3A86_0/u/0/1_1.jpg"/>
<file href="media/panorama_2BB017EB_2639_B29A_41B6_4B80A01F3A86_0/u/0/1_2.jpg"/>
<file href="media/panorama_2BB017EB_2639_B29A_41B6_4B80A01F3A86_0/u/0/2_0.jpg"/>
<file href="media/panorama_2BB017EB_2639_B29A_41B6_4B80A01F3A86_0/u/0/2_1.jpg"/>
<file href="media/panorama_2BB017EB_2639_B29A_41B6_4B80A01F3A86_0/u/0/2_2.jpg"/>
<file href="media/panorama_2BB017EB_2639_B29A_41B6_4B80A01F3A86_0/d/0/0_0.jpg"/>
<file href="media/panorama_2BB017EB_2639_B29A_41B6_4B80A01F3A86_0/d/0/0_1.jpg"/>
<file href="media/panorama_2BB017EB_2639_B29A_41B6_4B80A01F3A86_0/d/0/0_2.jpg"/>
<file href="media/panorama_2BB017EB_2639_B29A_41B6_4B80A01F3A86_0/d/0/1_0.jpg"/>
<file href="media/panorama_2BB017EB_2639_B29A_41B6_4B80A01F3A86_0/d/0/1_1.jpg"/>
<file href="media/panorama_2BB017EB_2639_B29A_41B6_4B80A01F3A86_0/d/0/1_2.jpg"/>
<file href="media/panorama_2BB017EB_2639_B29A_41B6_4B80A01F3A86_0/d/0/2_0.jpg"/>
<file href="media/panorama_2BB017EB_2639_B29A_41B6_4B80A01F3A86_0/d/0/2_1.jpg"/>
<file href="media/panorama_2BB017EB_2639_B29A_41B6_4B80A01F3A86_0/d/0/2_2.jpg"/>
<file href="media/panorama_2BB017EB_2639_B29A_41B6_4B80A01F3A86_0/f/0/0_0.jpg"/>
<file href="media/panorama_2BB017EB_2639_B29A_41B6_4B80A01F3A86_0/f/0/0_1.jpg"/>
<file href="media/panorama_2BB017EB_2639_B29A_41B6_4B80A01F3A86_0/f/0/0_2.jpg"/>
<file href="media/panorama_2BB017EB_2639_B29A_41B6_4B80A01F3A86_0/f/0/1_0.jpg"/>
<file href="media/panorama_2BB017EB_2639_B29A_41B6_4B80A01F3A86_0/f/0/1_1.jpg"/>
<file href="media/panorama_2BB017EB_2639_B29A_41B6_4B80A01F3A86_0/f/0/1_2.jpg"/>
<file href="media/panorama_2BB017EB_2639_B29A_41B6_4B80A01F3A86_0/f/0/2_0.jpg"/>
<file href="media/panorama_2BB017EB_2639_B29A_41B6_4B80A01F3A86_0/f/0/2_1.jpg"/>
<file href="media/panorama_2BB017EB_2639_B29A_41B6_4B80A01F3A86_0/f/0/2_2.jpg"/>
<file href="media/panorama_2BB017EB_2639_B29A_41B6_4B80A01F3A86_0/b/0/0_0.jpg"/>
<file href="media/panorama_2BB017EB_2639_B29A_41B6_4B80A01F3A86_0/b/0/0_1.jpg"/>
<file href="media/panorama_2BB017EB_2639_B29A_41B6_4B80A01F3A86_0/b/0/0_2.jpg"/>
<file href="media/panorama_2BB017EB_2639_B29A_41B6_4B80A01F3A86_0/b/0/1_0.jpg"/>
<file href="media/panorama_2BB017EB_2639_B29A_41B6_4B80A01F3A86_0/b/0/1_1.jpg"/>
<file href="media/panorama_2BB017EB_2639_B29A_41B6_4B80A01F3A86_0/b/0/1_2.jpg"/>
<file href="media/panorama_2BB017EB_2639_B29A_41B6_4B80A01F3A86_0/b/0/2_0.jpg"/>
<file href="media/panorama_2BB017EB_2639_B29A_41B6_4B80A01F3A86_0/b/0/2_1.jpg"/>
<file href="media/panorama_2BB017EB_2639_B29A_41B6_4B80A01F3A86_0/b/0/2_2.jpg"/>
<file href="media/panorama_2A927297_263A_B28B_4180_76A0CA7413EA_0/r/0/0_0.jpg"/>
<file href="media/panorama_2A927297_263A_B28B_4180_76A0CA7413EA_0/r/0/0_1.jpg"/>
<file href="media/panorama_2A927297_263A_B28B_4180_76A0CA7413EA_0/r/0/0_2.jpg"/>
<file href="media/panorama_2A927297_263A_B28B_4180_76A0CA7413EA_0/r/0/1_0.jpg"/>
<file href="media/panorama_2A927297_263A_B28B_4180_76A0CA7413EA_0/r/0/1_1.jpg"/>
<file href="media/panorama_2A927297_263A_B28B_4180_76A0CA7413EA_0/r/0/1_2.jpg"/>
<file href="media/panorama_2A927297_263A_B28B_4180_76A0CA7413EA_0/r/0/2_0.jpg"/>
<file href="media/panorama_2A927297_263A_B28B_4180_76A0CA7413EA_0/r/0/2_1.jpg"/>
<file href="media/panorama_2A927297_263A_B28B_4180_76A0CA7413EA_0/r/0/2_2.jpg"/>
<file href="media/panorama_2A927297_263A_B28B_4180_76A0CA7413EA_0/l/0/0_0.jpg"/>
<file href="media/panorama_2A927297_263A_B28B_4180_76A0CA7413EA_0/l/0/0_1.jpg"/>
<file href="media/panorama_2A927297_263A_B28B_4180_76A0CA7413EA_0/l/0/0_2.jpg"/>
<file href="media/panorama_2A927297_263A_B28B_4180_76A0CA7413EA_0/l/0/1_0.jpg"/>
<file href="media/panorama_2A927297_263A_B28B_4180_76A0CA7413EA_0/l/0/1_1.jpg"/>
<file href="media/panorama_2A927297_263A_B28B_4180_76A0CA7413EA_0/l/0/1_2.jpg"/>
<file href="media/panorama_2A927297_263A_B28B_4180_76A0CA7413EA_0/l/0/2_0.jpg"/>
<file href="media/panorama_2A927297_263A_B28B_4180_76A0CA7413EA_0/l/0/2_1.jpg"/>
<file href="media/panorama_2A927297_263A_B28B_4180_76A0CA7413EA_0/l/0/2_2.jpg"/>
<file href="media/panorama_2A927297_263A_B28B_4180_76A0CA7413EA_0/u/0/0_0.jpg"/>
<file href="media/panorama_2A927297_263A_B28B_4180_76A0CA7413EA_0/u/0/0_1.jpg"/>
<file href="media/panorama_2A927297_263A_B28B_4180_76A0CA7413EA_0/u/0/0_2.jpg"/>
<file href="media/panorama_2A927297_263A_B28B_4180_76A0CA7413EA_0/u/0/1_0.jpg"/>
<file href="media/panorama_2A927297_263A_B28B_4180_76A0CA7413EA_0/u/0/1_1.jpg"/>
<file href="media/panorama_2A927297_263A_B28B_4180_76A0CA7413EA_0/u/0/1_2.jpg"/>
<file href="media/panorama_2A927297_263A_B28B_4180_76A0CA7413EA_0/u/0/2_0.jpg"/>
<file href="media/panorama_2A927297_263A_B28B_4180_76A0CA7413EA_0/u/0/2_1.jpg"/>
<file href="media/panorama_2A927297_263A_B28B_4180_76A0CA7413EA_0/u/0/2_2.jpg"/>
<file href="media/panorama_2A927297_263A_B28B_4180_76A0CA7413EA_0/d/0/0_0.jpg"/>
<file href="media/panorama_2A927297_263A_B28B_4180_76A0CA7413EA_0/d/0/0_1.jpg"/>
<file href="media/panorama_2A927297_263A_B28B_4180_76A0CA7413EA_0/d/0/0_2.jpg"/>
<file href="media/panorama_2A927297_263A_B28B_4180_76A0CA7413EA_0/d/0/1_0.jpg"/>
<file href="media/panorama_2A927297_263A_B28B_4180_76A0CA7413EA_0/d/0/1_1.jpg"/>
<file href="media/panorama_2A927297_263A_B28B_4180_76A0CA7413EA_0/d/0/1_2.jpg"/>
<file href="media/panorama_2A927297_263A_B28B_4180_76A0CA7413EA_0/d/0/2_0.jpg"/>
<file href="media/panorama_2A927297_263A_B28B_4180_76A0CA7413EA_0/d/0/2_1.jpg"/>
<file href="media/panorama_2A927297_263A_B28B_4180_76A0CA7413EA_0/d/0/2_2.jpg"/>
<file href="media/panorama_2A927297_263A_B28B_4180_76A0CA7413EA_0/f/0/0_0.jpg"/>
<file href="media/panorama_2A927297_263A_B28B_4180_76A0CA7413EA_0/f/0/0_1.jpg"/>
<file href="media/panorama_2A927297_263A_B28B_4180_76A0CA7413EA_0/f/0/0_2.jpg"/>
<file href="media/panorama_2A927297_263A_B28B_4180_76A0CA7413EA_0/f/0/1_0.jpg"/>
<file href="media/panorama_2A927297_263A_B28B_4180_76A0CA7413EA_0/f/0/1_1.jpg"/>
<file href="media/panorama_2A927297_263A_B28B_4180_76A0CA7413EA_0/f/0/1_2.jpg"/>
<file href="media/panorama_2A927297_263A_B28B_4180_76A0CA7413EA_0/f/0/2_0.jpg"/>
<file href="media/panorama_2A927297_263A_B28B_4180_76A0CA7413EA_0/f/0/2_1.jpg"/>
<file href="media/panorama_2A927297_263A_B28B_4180_76A0CA7413EA_0/f/0/2_2.jpg"/>
<file href="media/panorama_2A927297_263A_B28B_4180_76A0CA7413EA_0/b/0/0_0.jpg"/>
<file href="media/panorama_2A927297_263A_B28B_4180_76A0CA7413EA_0/b/0/0_1.jpg"/>
<file href="media/panorama_2A927297_263A_B28B_4180_76A0CA7413EA_0/b/0/0_2.jpg"/>
<file href="media/panorama_2A927297_263A_B28B_4180_76A0CA7413EA_0/b/0/1_0.jpg"/>
<file href="media/panorama_2A927297_263A_B28B_4180_76A0CA7413EA_0/b/0/1_1.jpg"/>
<file href="media/panorama_2A927297_263A_B28B_4180_76A0CA7413EA_0/b/0/1_2.jpg"/>
<file href="media/panorama_2A927297_263A_B28B_4180_76A0CA7413EA_0/b/0/2_0.jpg"/>
<file href="media/panorama_2A927297_263A_B28B_4180_76A0CA7413EA_0/b/0/2_1.jpg"/>
<file href="media/panorama_2A927297_263A_B28B_4180_76A0CA7413EA_0/b/0/2_2.jpg"/>
<file href="media/panorama_2D42B638_2639_7585_41B3_47CDEAA386B3_0/r/1/0_0.jpg"/>
<file href="media/panorama_2D42B638_2639_7585_41B3_47CDEAA386B3_0/r/1/0_1.jpg"/>
<file href="media/panorama_2D42B638_2639_7585_41B3_47CDEAA386B3_0/r/1/1_0.jpg"/>
<file href="media/panorama_2D42B638_2639_7585_41B3_47CDEAA386B3_0/r/1/1_1.jpg"/>
<file href="media/panorama_2D42B638_2639_7585_41B3_47CDEAA386B3_0/l/1/0_0.jpg"/>
<file href="media/panorama_2D42B638_2639_7585_41B3_47CDEAA386B3_0/l/1/0_1.jpg"/>
<file href="media/panorama_2D42B638_2639_7585_41B3_47CDEAA386B3_0/l/1/1_0.jpg"/>
<file href="media/panorama_2D42B638_2639_7585_41B3_47CDEAA386B3_0/l/1/1_1.jpg"/>
<file href="media/panorama_2D42B638_2639_7585_41B3_47CDEAA386B3_0/u/1/0_0.jpg"/>
<file href="media/panorama_2D42B638_2639_7585_41B3_47CDEAA386B3_0/u/1/0_1.jpg"/>
<file href="media/panorama_2D42B638_2639_7585_41B3_47CDEAA386B3_0/u/1/1_0.jpg"/>
<file href="media/panorama_2D42B638_2639_7585_41B3_47CDEAA386B3_0/u/1/1_1.jpg"/>
<file href="media/panorama_2D42B638_2639_7585_41B3_47CDEAA386B3_0/d/1/0_0.jpg"/>
<file href="media/panorama_2D42B638_2639_7585_41B3_47CDEAA386B3_0/d/1/0_1.jpg"/>
<file href="media/panorama_2D42B638_2639_7585_41B3_47CDEAA386B3_0/d/1/1_0.jpg"/>
<file href="media/panorama_2D42B638_2639_7585_41B3_47CDEAA386B3_0/d/1/1_1.jpg"/>
<file href="media/panorama_2D42B638_2639_7585_41B3_47CDEAA386B3_0/f/1/0_0.jpg"/>
<file href="media/panorama_2D42B638_2639_7585_41B3_47CDEAA386B3_0/f/1/0_1.jpg"/>
<file href="media/panorama_2D42B638_2639_7585_41B3_47CDEAA386B3_0/f/1/1_0.jpg"/>
<file href="media/panorama_2D42B638_2639_7585_41B3_47CDEAA386B3_0/f/1/1_1.jpg"/>
<file href="media/panorama_2D42B638_2639_7585_41B3_47CDEAA386B3_0/b/1/0_0.jpg"/>
<file href="media/panorama_2D42B638_2639_7585_41B3_47CDEAA386B3_0/b/1/0_1.jpg"/>
<file href="media/panorama_2D42B638_2639_7585_41B3_47CDEAA386B3_0/b/1/1_0.jpg"/>
<file href="media/panorama_2D42B638_2639_7585_41B3_47CDEAA386B3_0/b/1/1_1.jpg"/>
<file href="media/panorama_2AAB7228_2639_4D85_41B3_AF063FA75A96_0/r/1/0_0.jpg"/>
<file href="media/panorama_2AAB7228_2639_4D85_41B3_AF063FA75A96_0/r/1/0_1.jpg"/>
<file href="media/panorama_2AAB7228_2639_4D85_41B3_AF063FA75A96_0/r/1/1_0.jpg"/>
<file href="media/panorama_2AAB7228_2639_4D85_41B3_AF063FA75A96_0/r/1/1_1.jpg"/>
<file href="media/panorama_2AAB7228_2639_4D85_41B3_AF063FA75A96_0/l/1/0_0.jpg"/>
<file href="media/panorama_2AAB7228_2639_4D85_41B3_AF063FA75A96_0/l/1/0_1.jpg"/>
<file href="media/panorama_2AAB7228_2639_4D85_41B3_AF063FA75A96_0/l/1/1_0.jpg"/>
<file href="media/panorama_2AAB7228_2639_4D85_41B3_AF063FA75A96_0/l/1/1_1.jpg"/>
<file href="media/panorama_2AAB7228_2639_4D85_41B3_AF063FA75A96_0/u/1/0_0.jpg"/>
<file href="media/panorama_2AAB7228_2639_4D85_41B3_AF063FA75A96_0/u/1/0_1.jpg"/>
<file href="media/panorama_2AAB7228_2639_4D85_41B3_AF063FA75A96_0/u/1/1_0.jpg"/>
<file href="media/panorama_2AAB7228_2639_4D85_41B3_AF063FA75A96_0/u/1/1_1.jpg"/>
<file href="media/panorama_2AAB7228_2639_4D85_41B3_AF063FA75A96_0/d/1/0_0.jpg"/>
<file href="media/panorama_2AAB7228_2639_4D85_41B3_AF063FA75A96_0/d/1/0_1.jpg"/>
<file href="media/panorama_2AAB7228_2639_4D85_41B3_AF063FA75A96_0/d/1/1_0.jpg"/>
<file href="media/panorama_2AAB7228_2639_4D85_41B3_AF063FA75A96_0/d/1/1_1.jpg"/>
<file href="media/panorama_2AAB7228_2639_4D85_41B3_AF063FA75A96_0/f/1/0_0.jpg"/>
<file href="media/panorama_2AAB7228_2639_4D85_41B3_AF063FA75A96_0/f/1/0_1.jpg"/>
<file href="media/panorama_2AAB7228_2639_4D85_41B3_AF063FA75A96_0/f/1/1_0.jpg"/>
<file href="media/panorama_2AAB7228_2639_4D85_41B3_AF063FA75A96_0/f/1/1_1.jpg"/>
<file href="media/panorama_2AAB7228_2639_4D85_41B3_AF063FA75A96_0/b/1/0_0.jpg"/>
<file href="media/panorama_2AAB7228_2639_4D85_41B3_AF063FA75A96_0/b/1/0_1.jpg"/>
<file href="media/panorama_2AAB7228_2639_4D85_41B3_AF063FA75A96_0/b/1/1_0.jpg"/>
<file href="media/panorama_2AAB7228_2639_4D85_41B3_AF063FA75A96_0/b/1/1_1.jpg"/>
<file href="media/panorama_2AAB8F4C_2639_B39D_4173_931EEF11AC24_0/r/2/0_0.jpg"/>
<file href="media/panorama_2AAB8F4C_2639_B39D_4173_931EEF11AC24_0/l/2/0_0.jpg"/>
<file href="media/panorama_2AAB8F4C_2639_B39D_4173_931EEF11AC24_0/u/2/0_0.jpg"/>
<file href="media/panorama_2AAB8F4C_2639_B39D_4173_931EEF11AC24_0/d/2/0_0.jpg"/>
<file href="media/panorama_2AAB8F4C_2639_B39D_4173_931EEF11AC24_0/f/2/0_0.jpg"/>
<file href="media/panorama_2AAB8F4C_2639_B39D_4173_931EEF11AC24_0/b/2/0_0.jpg"/>
<file href="media/panorama_2AAB4B72_2639_B385_41BA_F1FBAD364C11_0/r/0/0_0.jpg"/>
<file href="media/panorama_2AAB4B72_2639_B385_41BA_F1FBAD364C11_0/r/0/0_1.jpg"/>
<file href="media/panorama_2AAB4B72_2639_B385_41BA_F1FBAD364C11_0/r/0/0_2.jpg"/>
<file href="media/panorama_2AAB4B72_2639_B385_41BA_F1FBAD364C11_0/r/0/1_0.jpg"/>
<file href="media/panorama_2AAB4B72_2639_B385_41BA_F1FBAD364C11_0/r/0/1_1.jpg"/>
<file href="media/panorama_2AAB4B72_2639_B385_41BA_F1FBAD364C11_0/r/0/1_2.jpg"/>
<file href="media/panorama_2AAB4B72_2639_B385_41BA_F1FBAD364C11_0/r/0/2_0.jpg"/>
<file href="media/panorama_2AAB4B72_2639_B385_41BA_F1FBAD364C11_0/r/0/2_1.jpg"/>
<file href="media/panorama_2AAB4B72_2639_B385_41BA_F1FBAD364C11_0/r/0/2_2.jpg"/>
<file href="media/panorama_2AAB4B72_2639_B385_41BA_F1FBAD364C11_0/l/0/0_0.jpg"/>
<file href="media/panorama_2AAB4B72_2639_B385_41BA_F1FBAD364C11_0/l/0/0_1.jpg"/>
<file href="media/panorama_2AAB4B72_2639_B385_41BA_F1FBAD364C11_0/l/0/0_2.jpg"/>
<file href="media/panorama_2AAB4B72_2639_B385_41BA_F1FBAD364C11_0/l/0/1_0.jpg"/>
<file href="media/panorama_2AAB4B72_2639_B385_41BA_F1FBAD364C11_0/l/0/1_1.jpg"/>
<file href="media/panorama_2AAB4B72_2639_B385_41BA_F1FBAD364C11_0/l/0/1_2.jpg"/>
<file href="media/panorama_2AAB4B72_2639_B385_41BA_F1FBAD364C11_0/l/0/2_0.jpg"/>
<file href="media/panorama_2AAB4B72_2639_B385_41BA_F1FBAD364C11_0/l/0/2_1.jpg"/>
<file href="media/panorama_2AAB4B72_2639_B385_41BA_F1FBAD364C11_0/l/0/2_2.jpg"/>
<file href="media/panorama_2AAB4B72_2639_B385_41BA_F1FBAD364C11_0/u/0/0_0.jpg"/>
<file href="media/panorama_2AAB4B72_2639_B385_41BA_F1FBAD364C11_0/u/0/0_1.jpg"/>
<file href="media/panorama_2AAB4B72_2639_B385_41BA_F1FBAD364C11_0/u/0/0_2.jpg"/>
<file href="media/panorama_2AAB4B72_2639_B385_41BA_F1FBAD364C11_0/u/0/1_0.jpg"/>
<file href="media/panorama_2AAB4B72_2639_B385_41BA_F1FBAD364C11_0/u/0/1_1.jpg"/>
<file href="media/panorama_2AAB4B72_2639_B385_41BA_F1FBAD364C11_0/u/0/1_2.jpg"/>
<file href="media/panorama_2AAB4B72_2639_B385_41BA_F1FBAD364C11_0/u/0/2_0.jpg"/>
<file href="media/panorama_2AAB4B72_2639_B385_41BA_F1FBAD364C11_0/u/0/2_1.jpg"/>
<file href="media/panorama_2AAB4B72_2639_B385_41BA_F1FBAD364C11_0/u/0/2_2.jpg"/>
<file href="media/panorama_2AAB4B72_2639_B385_41BA_F1FBAD364C11_0/d/0/0_0.jpg"/>
<file href="media/panorama_2AAB4B72_2639_B385_41BA_F1FBAD364C11_0/d/0/0_1.jpg"/>
<file href="media/panorama_2AAB4B72_2639_B385_41BA_F1FBAD364C11_0/d/0/0_2.jpg"/>
<file href="media/panorama_2AAB4B72_2639_B385_41BA_F1FBAD364C11_0/d/0/1_0.jpg"/>
<file href="media/panorama_2AAB4B72_2639_B385_41BA_F1FBAD364C11_0/d/0/1_1.jpg"/>
<file href="media/panorama_2AAB4B72_2639_B385_41BA_F1FBAD364C11_0/d/0/1_2.jpg"/>
<file href="media/panorama_2AAB4B72_2639_B385_41BA_F1FBAD364C11_0/d/0/2_0.jpg"/>
<file href="media/panorama_2AAB4B72_2639_B385_41BA_F1FBAD364C11_0/d/0/2_1.jpg"/>
<file href="media/panorama_2AAB4B72_2639_B385_41BA_F1FBAD364C11_0/d/0/2_2.jpg"/>
<file href="media/panorama_2AAB4B72_2639_B385_41BA_F1FBAD364C11_0/f/0/0_0.jpg"/>
<file href="media/panorama_2AAB4B72_2639_B385_41BA_F1FBAD364C11_0/f/0/0_1.jpg"/>
<file href="media/panorama_2AAB4B72_2639_B385_41BA_F1FBAD364C11_0/f/0/0_2.jpg"/>
<file href="media/panorama_2AAB4B72_2639_B385_41BA_F1FBAD364C11_0/f/0/1_0.jpg"/>
<file href="media/panorama_2AAB4B72_2639_B385_41BA_F1FBAD364C11_0/f/0/1_1.jpg"/>
<file href="media/panorama_2AAB4B72_2639_B385_41BA_F1FBAD364C11_0/f/0/1_2.jpg"/>
<file href="media/panorama_2AAB4B72_2639_B385_41BA_F1FBAD364C11_0/f/0/2_0.jpg"/>
<file href="media/panorama_2AAB4B72_2639_B385_41BA_F1FBAD364C11_0/f/0/2_1.jpg"/>
<file href="media/panorama_2AAB4B72_2639_B385_41BA_F1FBAD364C11_0/f/0/2_2.jpg"/>
<file href="media/panorama_2AAB4B72_2639_B385_41BA_F1FBAD364C11_0/b/0/0_0.jpg"/>
<file href="media/panorama_2AAB4B72_2639_B385_41BA_F1FBAD364C11_0/b/0/0_1.jpg"/>
<file href="media/panorama_2AAB4B72_2639_B385_41BA_F1FBAD364C11_0/b/0/0_2.jpg"/>
<file href="media/panorama_2AAB4B72_2639_B385_41BA_F1FBAD364C11_0/b/0/1_0.jpg"/>
<file href="media/panorama_2AAB4B72_2639_B385_41BA_F1FBAD364C11_0/b/0/1_1.jpg"/>
<file href="media/panorama_2AAB4B72_2639_B385_41BA_F1FBAD364C11_0/b/0/1_2.jpg"/>
<file href="media/panorama_2AAB4B72_2639_B385_41BA_F1FBAD364C11_0/b/0/2_0.jpg"/>
<file href="media/panorama_2AAB4B72_2639_B385_41BA_F1FBAD364C11_0/b/0/2_1.jpg"/>
<file href="media/panorama_2AAB4B72_2639_B385_41BA_F1FBAD364C11_0/b/0/2_2.jpg"/>
<file href="media/panorama_2AABE8D4_2639_5E8D_41BB_3995D2848919_0/r/0/0_0.jpg"/>
<file href="media/panorama_2AABE8D4_2639_5E8D_41BB_3995D2848919_0/r/0/0_1.jpg"/>
<file href="media/panorama_2AABE8D4_2639_5E8D_41BB_3995D2848919_0/r/0/0_2.jpg"/>
<file href="media/panorama_2AABE8D4_2639_5E8D_41BB_3995D2848919_0/r/0/1_0.jpg"/>
<file href="media/panorama_2AABE8D4_2639_5E8D_41BB_3995D2848919_0/r/0/1_1.jpg"/>
<file href="media/panorama_2AABE8D4_2639_5E8D_41BB_3995D2848919_0/r/0/1_2.jpg"/>
<file href="media/panorama_2AABE8D4_2639_5E8D_41BB_3995D2848919_0/r/0/2_0.jpg"/>
<file href="media/panorama_2AABE8D4_2639_5E8D_41BB_3995D2848919_0/r/0/2_1.jpg"/>
<file href="media/panorama_2AABE8D4_2639_5E8D_41BB_3995D2848919_0/r/0/2_2.jpg"/>
<file href="media/panorama_2AABE8D4_2639_5E8D_41BB_3995D2848919_0/l/0/0_0.jpg"/>
<file href="media/panorama_2AABE8D4_2639_5E8D_41BB_3995D2848919_0/l/0/0_1.jpg"/>
<file href="media/panorama_2AABE8D4_2639_5E8D_41BB_3995D2848919_0/l/0/0_2.jpg"/>
<file href="media/panorama_2AABE8D4_2639_5E8D_41BB_3995D2848919_0/l/0/1_0.jpg"/>
<file href="media/panorama_2AABE8D4_2639_5E8D_41BB_3995D2848919_0/l/0/1_1.jpg"/>
<file href="media/panorama_2AABE8D4_2639_5E8D_41BB_3995D2848919_0/l/0/1_2.jpg"/>
<file href="media/panorama_2AABE8D4_2639_5E8D_41BB_3995D2848919_0/l/0/2_0.jpg"/>
<file href="media/panorama_2AABE8D4_2639_5E8D_41BB_3995D2848919_0/l/0/2_1.jpg"/>
<file href="media/panorama_2AABE8D4_2639_5E8D_41BB_3995D2848919_0/l/0/2_2.jpg"/>
<file href="media/panorama_2AABE8D4_2639_5E8D_41BB_3995D2848919_0/u/0/0_0.jpg"/>
<file href="media/panorama_2AABE8D4_2639_5E8D_41BB_3995D2848919_0/u/0/0_1.jpg"/>
<file href="media/panorama_2AABE8D4_2639_5E8D_41BB_3995D2848919_0/u/0/0_2.jpg"/>
<file href="media/panorama_2AABE8D4_2639_5E8D_41BB_3995D2848919_0/u/0/1_0.jpg"/>
<file href="media/panorama_2AABE8D4_2639_5E8D_41BB_3995D2848919_0/u/0/1_1.jpg"/>
<file href="media/panorama_2AABE8D4_2639_5E8D_41BB_3995D2848919_0/u/0/1_2.jpg"/>
<file href="media/panorama_2AABE8D4_2639_5E8D_41BB_3995D2848919_0/u/0/2_0.jpg"/>
<file href="media/panorama_2AABE8D4_2639_5E8D_41BB_3995D2848919_0/u/0/2_1.jpg"/>
<file href="media/panorama_2AABE8D4_2639_5E8D_41BB_3995D2848919_0/u/0/2_2.jpg"/>
<file href="media/panorama_2AABE8D4_2639_5E8D_41BB_3995D2848919_0/d/0/0_0.jpg"/>
<file href="media/panorama_2AABE8D4_2639_5E8D_41BB_3995D2848919_0/d/0/0_1.jpg"/>
<file href="media/panorama_2AABE8D4_2639_5E8D_41BB_3995D2848919_0/d/0/0_2.jpg"/>
<file href="media/panorama_2AABE8D4_2639_5E8D_41BB_3995D2848919_0/d/0/1_0.jpg"/>
<file href="media/panorama_2AABE8D4_2639_5E8D_41BB_3995D2848919_0/d/0/1_1.jpg"/>
<file href="media/panorama_2AABE8D4_2639_5E8D_41BB_3995D2848919_0/d/0/1_2.jpg"/>
<file href="media/panorama_2AABE8D4_2639_5E8D_41BB_3995D2848919_0/d/0/2_0.jpg"/>
<file href="media/panorama_2AABE8D4_2639_5E8D_41BB_3995D2848919_0/d/0/2_1.jpg"/>
<file href="media/panorama_2AABE8D4_2639_5E8D_41BB_3995D2848919_0/d/0/2_2.jpg"/>
<file href="media/panorama_2AABE8D4_2639_5E8D_41BB_3995D2848919_0/f/0/0_0.jpg"/>
<file href="media/panorama_2AABE8D4_2639_5E8D_41BB_3995D2848919_0/f/0/0_1.jpg"/>
<file href="media/panorama_2AABE8D4_2639_5E8D_41BB_3995D2848919_0/f/0/0_2.jpg"/>
<file href="media/panorama_2AABE8D4_2639_5E8D_41BB_3995D2848919_0/f/0/1_0.jpg"/>
<file href="media/panorama_2AABE8D4_2639_5E8D_41BB_3995D2848919_0/f/0/1_1.jpg"/>
<file href="media/panorama_2AABE8D4_2639_5E8D_41BB_3995D2848919_0/f/0/1_2.jpg"/>
<file href="media/panorama_2AABE8D4_2639_5E8D_41BB_3995D2848919_0/f/0/2_0.jpg"/>
<file href="media/panorama_2AABE8D4_2639_5E8D_41BB_3995D2848919_0/f/0/2_1.jpg"/>
<file href="media/panorama_2AABE8D4_2639_5E8D_41BB_3995D2848919_0/f/0/2_2.jpg"/>
<file href="media/panorama_2AABE8D4_2639_5E8D_41BB_3995D2848919_0/b/0/0_0.jpg"/>
<file href="media/panorama_2AABE8D4_2639_5E8D_41BB_3995D2848919_0/b/0/0_1.jpg"/>
<file href="media/panorama_2AABE8D4_2639_5E8D_41BB_3995D2848919_0/b/0/0_2.jpg"/>
<file href="media/panorama_2AABE8D4_2639_5E8D_41BB_3995D2848919_0/b/0/1_0.jpg"/>
<file href="media/panorama_2AABE8D4_2639_5E8D_41BB_3995D2848919_0/b/0/1_1.jpg"/>
<file href="media/panorama_2AABE8D4_2639_5E8D_41BB_3995D2848919_0/b/0/1_2.jpg"/>
<file href="media/panorama_2AABE8D4_2639_5E8D_41BB_3995D2848919_0/b/0/2_0.jpg"/>
<file href="media/panorama_2AABE8D4_2639_5E8D_41BB_3995D2848919_0/b/0/2_1.jpg"/>
<file href="media/panorama_2AABE8D4_2639_5E8D_41BB_3995D2848919_0/b/0/2_2.jpg"/>
<file href="media/panorama_2AABE8D4_2639_5E8D_41BB_3995D2848919_0/r/2/0_0.jpg"/>
<file href="media/panorama_2AABE8D4_2639_5E8D_41BB_3995D2848919_0/l/2/0_0.jpg"/>
<file href="media/panorama_2AABE8D4_2639_5E8D_41BB_3995D2848919_0/u/2/0_0.jpg"/>
<file href="media/panorama_2AABE8D4_2639_5E8D_41BB_3995D2848919_0/d/2/0_0.jpg"/>
<file href="media/panorama_2AABE8D4_2639_5E8D_41BB_3995D2848919_0/f/2/0_0.jpg"/>
<file href="media/panorama_2AABE8D4_2639_5E8D_41BB_3995D2848919_0/b/2/0_0.jpg"/>
<file href="media/panorama_2A927297_263A_B28B_4180_76A0CA7413EA_0/r/1/0_0.jpg"/>
<file href="media/panorama_2A927297_263A_B28B_4180_76A0CA7413EA_0/r/1/0_1.jpg"/>
<file href="media/panorama_2A927297_263A_B28B_4180_76A0CA7413EA_0/r/1/1_0.jpg"/>
<file href="media/panorama_2A927297_263A_B28B_4180_76A0CA7413EA_0/r/1/1_1.jpg"/>
<file href="media/panorama_2A927297_263A_B28B_4180_76A0CA7413EA_0/l/1/0_0.jpg"/>
<file href="media/panorama_2A927297_263A_B28B_4180_76A0CA7413EA_0/l/1/0_1.jpg"/>
<file href="media/panorama_2A927297_263A_B28B_4180_76A0CA7413EA_0/l/1/1_0.jpg"/>
<file href="media/panorama_2A927297_263A_B28B_4180_76A0CA7413EA_0/l/1/1_1.jpg"/>
<file href="media/panorama_2A927297_263A_B28B_4180_76A0CA7413EA_0/u/1/0_0.jpg"/>
<file href="media/panorama_2A927297_263A_B28B_4180_76A0CA7413EA_0/u/1/0_1.jpg"/>
<file href="media/panorama_2A927297_263A_B28B_4180_76A0CA7413EA_0/u/1/1_0.jpg"/>
<file href="media/panorama_2A927297_263A_B28B_4180_76A0CA7413EA_0/u/1/1_1.jpg"/>
<file href="media/panorama_2A927297_263A_B28B_4180_76A0CA7413EA_0/d/1/0_0.jpg"/>
<file href="media/panorama_2A927297_263A_B28B_4180_76A0CA7413EA_0/d/1/0_1.jpg"/>
<file href="media/panorama_2A927297_263A_B28B_4180_76A0CA7413EA_0/d/1/1_0.jpg"/>
<file href="media/panorama_2A927297_263A_B28B_4180_76A0CA7413EA_0/d/1/1_1.jpg"/>
<file href="media/panorama_2A927297_263A_B28B_4180_76A0CA7413EA_0/f/1/0_0.jpg"/>
<file href="media/panorama_2A927297_263A_B28B_4180_76A0CA7413EA_0/f/1/0_1.jpg"/>
<file href="media/panorama_2A927297_263A_B28B_4180_76A0CA7413EA_0/f/1/1_0.jpg"/>
<file href="media/panorama_2A927297_263A_B28B_4180_76A0CA7413EA_0/f/1/1_1.jpg"/>
<file href="media/panorama_2A927297_263A_B28B_4180_76A0CA7413EA_0/b/1/0_0.jpg"/>
<file href="media/panorama_2A927297_263A_B28B_4180_76A0CA7413EA_0/b/1/0_1.jpg"/>
<file href="media/panorama_2A927297_263A_B28B_4180_76A0CA7413EA_0/b/1/1_0.jpg"/>
<file href="media/panorama_2A927297_263A_B28B_4180_76A0CA7413EA_0/b/1/1_1.jpg"/>
<file href="media/panorama_2D42B638_2639_7585_41B3_47CDEAA386B3_0/r/2/0_0.jpg"/>
<file href="media/panorama_2D42B638_2639_7585_41B3_47CDEAA386B3_0/l/2/0_0.jpg"/>
<file href="media/panorama_2D42B638_2639_7585_41B3_47CDEAA386B3_0/u/2/0_0.jpg"/>
<file href="media/panorama_2D42B638_2639_7585_41B3_47CDEAA386B3_0/d/2/0_0.jpg"/>
<file href="media/panorama_2D42B638_2639_7585_41B3_47CDEAA386B3_0/f/2/0_0.jpg"/>
<file href="media/panorama_2D42B638_2639_7585_41B3_47CDEAA386B3_0/b/2/0_0.jpg"/>
<file href="media/panorama_2D42B638_2639_7585_41B3_47CDEAA386B3_0/r/0/0_0.jpg"/>
<file href="media/panorama_2D42B638_2639_7585_41B3_47CDEAA386B3_0/r/0/0_1.jpg"/>
<file href="media/panorama_2D42B638_2639_7585_41B3_47CDEAA386B3_0/r/0/0_2.jpg"/>
<file href="media/panorama_2D42B638_2639_7585_41B3_47CDEAA386B3_0/r/0/1_0.jpg"/>
<file href="media/panorama_2D42B638_2639_7585_41B3_47CDEAA386B3_0/r/0/1_1.jpg"/>
<file href="media/panorama_2D42B638_2639_7585_41B3_47CDEAA386B3_0/r/0/1_2.jpg"/>
<file href="media/panorama_2D42B638_2639_7585_41B3_47CDEAA386B3_0/r/0/2_0.jpg"/>
<file href="media/panorama_2D42B638_2639_7585_41B3_47CDEAA386B3_0/r/0/2_1.jpg"/>
<file href="media/panorama_2D42B638_2639_7585_41B3_47CDEAA386B3_0/r/0/2_2.jpg"/>
<file href="media/panorama_2D42B638_2639_7585_41B3_47CDEAA386B3_0/l/0/0_0.jpg"/>
<file href="media/panorama_2D42B638_2639_7585_41B3_47CDEAA386B3_0/l/0/0_1.jpg"/>
<file href="media/panorama_2D42B638_2639_7585_41B3_47CDEAA386B3_0/l/0/0_2.jpg"/>
<file href="media/panorama_2D42B638_2639_7585_41B3_47CDEAA386B3_0/l/0/1_0.jpg"/>
<file href="media/panorama_2D42B638_2639_7585_41B3_47CDEAA386B3_0/l/0/1_1.jpg"/>
<file href="media/panorama_2D42B638_2639_7585_41B3_47CDEAA386B3_0/l/0/1_2.jpg"/>
<file href="media/panorama_2D42B638_2639_7585_41B3_47CDEAA386B3_0/l/0/2_0.jpg"/>
<file href="media/panorama_2D42B638_2639_7585_41B3_47CDEAA386B3_0/l/0/2_1.jpg"/>
<file href="media/panorama_2D42B638_2639_7585_41B3_47CDEAA386B3_0/l/0/2_2.jpg"/>
<file href="media/panorama_2D42B638_2639_7585_41B3_47CDEAA386B3_0/u/0/0_0.jpg"/>
<file href="media/panorama_2D42B638_2639_7585_41B3_47CDEAA386B3_0/u/0/0_1.jpg"/>
<file href="media/panorama_2D42B638_2639_7585_41B3_47CDEAA386B3_0/u/0/0_2.jpg"/>
<file href="media/panorama_2D42B638_2639_7585_41B3_47CDEAA386B3_0/u/0/1_0.jpg"/>
<file href="media/panorama_2D42B638_2639_7585_41B3_47CDEAA386B3_0/u/0/1_1.jpg"/>
<file href="media/panorama_2D42B638_2639_7585_41B3_47CDEAA386B3_0/u/0/1_2.jpg"/>
<file href="media/panorama_2D42B638_2639_7585_41B3_47CDEAA386B3_0/u/0/2_0.jpg"/>
<file href="media/panorama_2D42B638_2639_7585_41B3_47CDEAA386B3_0/u/0/2_1.jpg"/>
<file href="media/panorama_2D42B638_2639_7585_41B3_47CDEAA386B3_0/u/0/2_2.jpg"/>
<file href="media/panorama_2D42B638_2639_7585_41B3_47CDEAA386B3_0/d/0/0_0.jpg"/>
<file href="media/panorama_2D42B638_2639_7585_41B3_47CDEAA386B3_0/d/0/0_1.jpg"/>
<file href="media/panorama_2D42B638_2639_7585_41B3_47CDEAA386B3_0/d/0/0_2.jpg"/>
<file href="media/panorama_2D42B638_2639_7585_41B3_47CDEAA386B3_0/d/0/1_0.jpg"/>
<file href="media/panorama_2D42B638_2639_7585_41B3_47CDEAA386B3_0/d/0/1_1.jpg"/>
<file href="media/panorama_2D42B638_2639_7585_41B3_47CDEAA386B3_0/d/0/1_2.jpg"/>
<file href="media/panorama_2D42B638_2639_7585_41B3_47CDEAA386B3_0/d/0/2_0.jpg"/>
<file href="media/panorama_2D42B638_2639_7585_41B3_47CDEAA386B3_0/d/0/2_1.jpg"/>
<file href="media/panorama_2D42B638_2639_7585_41B3_47CDEAA386B3_0/d/0/2_2.jpg"/>
<file href="media/panorama_2D42B638_2639_7585_41B3_47CDEAA386B3_0/f/0/0_0.jpg"/>
<file href="media/panorama_2D42B638_2639_7585_41B3_47CDEAA386B3_0/f/0/0_1.jpg"/>
<file href="media/panorama_2D42B638_2639_7585_41B3_47CDEAA386B3_0/f/0/0_2.jpg"/>
<file href="media/panorama_2D42B638_2639_7585_41B3_47CDEAA386B3_0/f/0/1_0.jpg"/>
<file href="media/panorama_2D42B638_2639_7585_41B3_47CDEAA386B3_0/f/0/1_1.jpg"/>
<file href="media/panorama_2D42B638_2639_7585_41B3_47CDEAA386B3_0/f/0/1_2.jpg"/>
<file href="media/panorama_2D42B638_2639_7585_41B3_47CDEAA386B3_0/f/0/2_0.jpg"/>
<file href="media/panorama_2D42B638_2639_7585_41B3_47CDEAA386B3_0/f/0/2_1.jpg"/>
<file href="media/panorama_2D42B638_2639_7585_41B3_47CDEAA386B3_0/f/0/2_2.jpg"/>
<file href="media/panorama_2D42B638_2639_7585_41B3_47CDEAA386B3_0/b/0/0_0.jpg"/>
<file href="media/panorama_2D42B638_2639_7585_41B3_47CDEAA386B3_0/b/0/0_1.jpg"/>
<file href="media/panorama_2D42B638_2639_7585_41B3_47CDEAA386B3_0/b/0/0_2.jpg"/>
<file href="media/panorama_2D42B638_2639_7585_41B3_47CDEAA386B3_0/b/0/1_0.jpg"/>
<file href="media/panorama_2D42B638_2639_7585_41B3_47CDEAA386B3_0/b/0/1_1.jpg"/>
<file href="media/panorama_2D42B638_2639_7585_41B3_47CDEAA386B3_0/b/0/1_2.jpg"/>
<file href="media/panorama_2D42B638_2639_7585_41B3_47CDEAA386B3_0/b/0/2_0.jpg"/>
<file href="media/panorama_2D42B638_2639_7585_41B3_47CDEAA386B3_0/b/0/2_1.jpg"/>
<file href="media/panorama_2D42B638_2639_7585_41B3_47CDEAA386B3_0/b/0/2_2.jpg"/>
<file href="media/panorama_2DF7A023_2639_4D8B_41B0_A8C6FA55E5E5_0/r/2/0_0.jpg"/>
<file href="media/panorama_2DF7A023_2639_4D8B_41B0_A8C6FA55E5E5_0/l/2/0_0.jpg"/>
<file href="media/panorama_2DF7A023_2639_4D8B_41B0_A8C6FA55E5E5_0/u/2/0_0.jpg"/>
<file href="media/panorama_2DF7A023_2639_4D8B_41B0_A8C6FA55E5E5_0/d/2/0_0.jpg"/>
<file href="media/panorama_2DF7A023_2639_4D8B_41B0_A8C6FA55E5E5_0/f/2/0_0.jpg"/>
<file href="media/panorama_2DF7A023_2639_4D8B_41B0_A8C6FA55E5E5_0/b/2/0_0.jpg"/>
        </resource>
    </resources>
</manifest>
